UI_20150317_000001	{@st41b}Выучить атрибуты{nl}у Мастера своего класса.{/}
UI_20150317_000002	{@st43}Список атрибутов{/}
UI_20150317_000003	{@st59}Закрыть список атрибутов{/}
UI_20150317_000004	{@st43}Выучить атрибуты{/}
UI_20150317_000005	{@st59}Закрыть окно атрибутов{/}
UI_20150317_000006	{@st41b}Монет{/}
UI_20150317_000007	Мои достижения
UI_20150317_000008	Рейтинг серверов
UI_20150317_000009	{@st59}Доступно внезапное событие.{/}
UI_20150317_000010	{@st59}Есть новые сообщение Справки{/}
UI_20150317_000011	{@st41}Вы уверены, что хотите создать этот тип стрел?{/}
UI_20150317_000012	{@st41b}Только{/}
UI_20150317_000013	{@st41b}Все{/}
UI_20150317_000014	{@St41b}Пауза{/}
UI_20150317_000015	{@St43}Журнал приключений{/}
UI_20150317_000016	{@St43}Аукцион{/}
UI_20150317_000017	{@St59}Закрыть аукцион{/}
UI_20150317_000018	{@St41b}Товар продан : ×%s, Товар не продан : ×%s{/}
UI_20150317_000019	{@St43}{s22}Предмет Аукциона{/}
UI_20150317_000020	{@st59}Закрыть Информацию о Задании{/}
UI_20150317_000021	Availest
UI_20150317_000022	{@St41b}Оставшееся время
UI_20150317_000023	3 часа 16 минут
UI_20150317_000024	{@St41b}Начальная цена
UI_20150317_000025	{@St41b}Ставки
UI_20150317_000026	{@St41b}Текущая цена
UI_20150317_000027	{@St41b}Текущая Ставка
UI_20150317_000028	{@St41b}Минимальная цена ставки {@st57}%s{@st41b}серебра{/}
UI_20150317_000029	{@St41b}Преложить цену{/}
UI_20150317_000030	{@St43b}Купить сейчас!{nl}{img icon_item_silver 20 20}{@st57}%s{/}
UI_20150317_000031	{@St44}Настройки разрешений{/}
UI_20150317_000032	{@St45}Имя: %s{/}
UI_20150317_000033	{@St45}Груповой склад{/}
UI_20150317_000034	{@St49}Ничего
UI_20150317_000035	{@St49}Магазин
UI_20150317_000036	{@St49}Получить
UI_20150317_000037	{@St45}Обзор{/}
UI_20150317_000038	{@St49}Создать
UI_20150317_000039	{@St49}Удалить
UI_20150317_000040	{@St44}Сохранить{/}
UI_20150317_000041	{@St44}Отмена{/}
UI_20150317_000042	{@St43}{s22}Парикмахерская{/}
UI_20150317_000043	{@st59}Предыдущая прическа{/}
UI_20150317_000044	{@St59}Следующая прическа{/}
UI_20150317_000045	{@st41b} изменить {s18} (Требуется 100 монет) {/}
UI_20150317_000046	{@St59}Изменить на выбранную прическу.{/}
UI_20150317_000047	{@St41}Отмена
UI_20150317_000048	{@st43}Черный рынок{/}
UI_20150317_000049	Название книги
UI_20150317_000050	{@St59}Прекратить чтение/}
UI_20150317_000051	{@st59}Предыдущая страница{/}
UI_20150317_000052	{@st59}Следующая страница{/}
UI_20150317_000053	{@st47}%s кто то появился!
UI_20150317_000054	{@st43}Очки{/}
UI_20150317_000055	Наносимый урон
UI_20150317_000056	Технический бонус
UI_20150317_000057	Бонус уклонения
UI_20150317_000058	Сбросить таймер
UI_20150317_000059	Итоговый счет
UI_20150317_000060	{@st42}Затраченное время
UI_20150317_000061	10 минут
UI_20150317_000062	10 секунд
UI_20150317_000063	{memo X}{@st44}Завершить
UI_20150317_000064	{@st59}Закрыть торговый автомат{/}
UI_20150317_000065	{@st43}Торговый автомат заклинаний
UI_20150317_000066	Название торгового автомата
UI_20150317_000067	{memo X}{@st43}Регистрация
UI_20150317_000068	{memo X}{@st43}Отмена
UI_20150317_000069	Торговый автомат заклинаний
UI_20150317_000070	{@st59}Закрыть торговый автомат заклинаний.
UI_20150317_000071	{@st59}Торговый автомат заклинаний{nl} - Вы можете произвести оплату серебром для получения заклинаний от другого игрока.
UI_20150317_000072	Меню перевозки
UI_20150317_000073	{ol}{s22}Выгрузить{/}
UI_20150317_000074	Литье
UI_20150317_000075	{@st43}Настройки игры{/}
UI_20150317_000076	{@st64}Используйте клавиши со стрелками, чтобы выбрать ячейку!
UI_20150317_000077	{@st43}Информация о прогрессе {/}
UI_20150317_000078	{@st43}Выбрать класс
UI_20150317_000079	Психокинетик
UI_20150317_000080	{@st42}%s Круг {/}
UI_20150317_000081	Количество кругов
UI_20150317_000082	Показать краткое описание класса.
UI_20150317_000083	{memo X}{@st41b}Атака {@sti7}%s{/}
UI_20150317_000084	{memo X}{@st41b}Поддержка {@sti7}%s{/}
UI_20150317_000085	{memo X}{@st41b}Сложность{@sti7}%s{/}
UI_20150317_000086	{@st59}Закрыть информацию о персонаже{/}
UI_20150317_000087	Предупреждение об опасности
UI_20150317_000088	{@st43} Прогресс
UI_20150317_000089	{@sti7}{s14} Персонаж {/}
UI_20150317_000090	{@sti8}{s14} Класс {/}
UI_20150317_000091	{@st44}Чат{/}
UI_20150317_000092	К WWWWWWWW и еще 1 
UI_20150317_000093	{memo X}Общий: /s <текст> {nl} Мир: /y <текст> {nl} Группа: /p <текст>{nl} Приват: /w имя персонажа <текст>
UI_20150317_000094	{@st41}Весь чат{/}
UI_20150317_000095	{@59}Выход{/}
UI_20150317_000096	{@59}Пригласить{/}
UI_20150317_000097	{@st59}Все{/}
UI_20150317_000098	{@st59}Общий чат (/s чат){/}
UI_20150317_000099	{@st59}Мир (/y чат){/}
UI_20150317_000100	{@st59}Группа (/p чат){/}
UI_20150317_000101	{@st59}Шепот (/w имя команды){/}
UI_20150317_000102	{@st59}Изменение окна чата{/}
UI_20150317_000103	{@st43}{s22}Макрос чата{/}
UI_20150317_000104	{@st43}Макросы{/}
UI_20150317_000105	{@st59b} Макрос {nl} {@st59s} - Как использовать: {nl} 1. Перетащите значок жеста в нижнюю ячейку. {nl} 2. Напишите вашу фразу и сохраните. {nl} 3. Используйте "быструю" клавишу для отображения жеста и фразы одновременно. {/}
UI_20150317_000106	{@st59}Закрыть макрос{/}
UI_20150317_000107	{@st41b}Сохранить{/}
UI_20150317_000108	{@st59}Сохраните ваши изменения{/}
UI_20150317_000109	{@st41b}Отмена {/}
UI_20150317_000110	{@st59}Отменить ваши изменения{/}
UI_20150317_000111	{@st42}Настройка чата
UI_20150317_000112	{@st42}Прозрачность
UI_20150317_000113	Показать чат в кружке
UI_20150317_000114	Показывать "Мир" в {nl}верхней части экрана
UI_20150317_000115	{@st43}Список чатов{/}
UI_20150317_000116	{memo X}{@st42b}Предмет{/}
UI_20150317_000117	{memo X}{@st42b}Монстр{/}
UI_20150317_000118	{memo X}{@st42b}Переместить карту{/}
UI_20150317_000119	{memo X}{@st42b}Боевой порядок{/}
UI_20150317_000120	{@st41b}Закрыть{/}
UI_20150317_000121	{s16}{b}Создание предмета, нажмите кнопку Создать или двойное нажатие мыши.
UI_20150317_000122	{memo X}{s16}{b}шт.
UI_20150317_000123	{memo X}{s16}{b}Ур.
UI_20150317_000124	{@st41b}Поиск{/}
UI_20150317_000125	{s16}{b}Призвать монстров, нажмите кнопку Создать или двойное нажатие мыши.
UI_20150317_000126	{memo X}{s16}{b}шт.
UI_20150317_000127	{s16}{b}Выберите нужную область.
UI_20150317_000128	{s18}{b}Показать мини карту{/}
UI_20150317_000129	{@st41b}Список инструментов{/}
UI_20150317_000130	Коллекция {@st59b} {nl} {@st59s} - Если вы находите коллекционные предметы, они могут быть сохранены в коллекционный журнал {nl} - Вы можете активировать коллекции для получения эффекта  {nl} {/}
UI_20150317_000131	{@st59}Закрыть информацию о коллекции{/}
UI_20150317_000132	{@st43}Коллекция{/}
UI_20150317_000133	{@st43}Цвет узора{/}
UI_20150317_000134	{@st49}Цвет узора{/}
UI_20150317_000135	{@st49}Цвет{/}
UI_20150317_000136	{@st49}Остаток{/}
UI_20150317_000137	{@st49}Кисть{/}
UI_20150317_000138	{@st49}{a END_EDIT_SPRAY}Рисовать{/}{/}
UI_20150317_000139	{@st49}{a SAVE_EDIT_SPRAY}Сохранить{/}{/}
UI_20150317_000140	{@st49}{a LOAD_EDIT_SPRAY}Импорт{/}{/}
UI_20150317_000141	{@st49}Закрыть{/}
UI_20150317_000142	{@st43} Принять компаньона
UI_20150317_000143	{@st59} Введите имя вашего нового компаньона {/}
UI_20150317_000144	{@st41b}Имя{/}
UI_20150317_000145	{@st41b}Цена %s{/}
UI_20150317_000146	{@st59}Закрыть окно принятия компаньона {/}
UI_20150317_000147	{@st41b}Принять
UI_20150317_000148	{@st59}Подтвердить принятие {/}
UI_20150317_000149	{@st43}Магазин компаньонов
UI_20150317_000150	{@st59}Закрыть магазин компаньонов{/}
UI_20150317_000151	{@st43}Информация о персонаже{/}{@st42}
UI_20150317_000152	{@st59}Закрыть информацию о персонаже{/}
UI_20150317_000153	{@st41b}Информация
UI_20150317_000154	{@st41b}Запись
UI_20150317_000155	Название команды
UI_20150317_000156	Имя персонажа
UI_20150317_000157	Круг {#ffff00}%s{/} %s Ур. {#ffff00}%s{/}
UI_20150317_000158	Воин
UI_20150317_000159	{memo X}Памятка приключений {#ffff00}%s{/} (Ранг{#ffff00}%s{/}/%s)
UI_20150317_000160	Памятка приключений {#ffff00}%s{/} ({#ffff00}Без ранга{/})
UI_20150317_000161	Все достижения : {#ffff00}%s{/}
UI_20150317_000162	Настройки
UI_20150317_000163	Чтобы удалить вкладку, очистите заголовок вкладки.
UI_20150317_000164	{@st49}Все{/}
UI_20150317_000165	{@st49}Система{/}
UI_20150317_000166	{@st49}Общение{/}
UI_20150317_000167	{@st49}Бой{/}
UI_20150317_000168	{@st49}Предметы{/}
UI_20150317_000169	{@st43}Авторы{/}
UI_20150317_000170	{memo X}{@st43}Заблокировать настройки Цели {/}
UI_20150317_000171	Имя NPC
UI_20150317_000172	Сравнить
UI_20150317_000173	Иллюстрация
UI_20150317_000174	Выбрать разговор
UI_20150317_000175	Текстовая помощь
UI_20150317_000176	{@st41}Создание предмета{/}
UI_20150317_000177	{@st45tw2}Создание предмета...
UI_20150317_000178	%r секунд
UI_20150317_000179	{@st41}Отмена{/}
UI_20150317_000180	{@st45tw2}Количество{/}
UI_20150317_000181	{@st45tw2}Вы хотите создать этот предмет?
UI_20150317_000182	{@st41}Подтвердите{/}
UI_20150317_000183	Информация о Задании
UI_20150317_000184	{@st59}Отмена торговли{/}
UI_20150317_000185	{@st43}Персональная торговля{/}
UI_20150317_000186	Мой торговый список
UI_20150317_000187	Серебро : %s
UI_20150317_000188	{memo X}Ввод
UI_20150317_000189	{@st41}Принять
UI_20150317_000190	{@st41}Подтвердить
UI_20150317_000191	Другие игроки(%s) Торговый список
UI_20150317_000192	Другое имя игрока
UI_20150317_000193	{s18}{ol} {gr gradation1}Событие{/}
UI_20150317_000194	{s20}{ol}Победить Vubbe Tribe! Хотите присоединиться?
UI_20150317_000195	{s20}{ol}%s Желаете присоединиться?
UI_20150317_000196	{s20}{ol}Участников : (1/5)
UI_20150317_000197	{s20}{ol}Участников : (%s/%s)
UI_20150317_000198	{s20}{ol}Игра начнется через 1 секунду.
UI_20150317_000199	{s20}{ol}Игра начинается через %s секунд.
UI_20150317_000200	Не показывать это больше на сегодня.
UI_20150317_000201	Не показывать события.
UI_20150317_000202	Присоединиться к игре
UI_20150317_000203	Начать игру с другими игроками.
UI_20150317_000204	Отклонить приглашение на игру.
UI_20150317_000205	Предустановленные картинки
UI_20150317_000206	{@st49}Выбрать{/}
UI_20150317_000207	{@st49}Отмена{/}
UI_20150317_000208	{@st49}Удалить{/}
UI_20150317_000209	Введите имя файла для сохранения.
UI_20150317_000210	{@st43}Друзья
UI_20150317_000211	{@st59}Закрыть список друзей{/}
UI_20150317_000212	{@st59b} Друзья {nl} {@st59s} - Подружитесь с другими игроками {nl} -  Перейдите в Список Друзей, чтобы проверить их статус {nl} - Во  вкладке Управления, Вы можете: пригласить, отклонить, заблокировать  друга. {/}    
UI_20150317_000213	{@st41b}Показать друзей онлайн{/}
UI_20150317_000214	{@st41b}Список
UI_20150317_000215	{@st41b}Управление
UI_20150317_000216	{@st41b}Добавить в Друзья
UI_20150317_000217	{@st41b}Заблокировать
UI_20150317_000218	{@st59}Поиск{/}
UI_20150317_000219	{@st44}Гильдия{/}
UI_20150317_000220	Гильдия
UI_20150317_000221	Список
UI_20150317_000222	Новости
UI_20150317_000223	Миссия гильдии
UI_20150317_000224	Участники онлайн
UI_20150317_000225	{@st44}Создать гильдию{/}
UI_20150317_000226	{@st42}Создать{/}
UI_20150317_000227	{@st42}Закрыть{/}
UI_20150317_000228	{@st42}Все{/}
UI_20150317_000229	{@st42}Сегодняшний Рейтинг{/}
UI_20150317_000230	{@st42}Еженедельный Рейтинг{/}
UI_20150317_000231	{@st56}Ранг {/}
UI_20150317_000232	{@st56}Очки{/}
UI_20150317_000233	{@st56}Класс{/}
UI_20150317_000234	{@st56}Имя {/}
UI_20150317_000235	Предыдущая страница
UI_20150317_000236	Следующая страница
UI_20150317_000237	{@st42}Поиск по ID{/}
UI_20150317_000238	Введите ID для поиска
UI_20150317_000239	Закрыть Зал славы
UI_20150317_000240	Введите ID для поиска
UI_20150317_000241	{memo X}{@st59}Выносливость {/}
UI_20150317_000242	{@st43}Справка{/}
UI_20150317_000243	{@st59}Закрыть справочник{/}
UI_20150317_000244	{@st59b} Справочник {nl} {@st59s}- Если вам нужна помощь, вы всегда можете прочитать справку {nl}  - Выберите тему, что бы просмотреть дополнительную информацию о ней. {/}
UI_20150317_000245	{@st43}{s22}Помощь{/}
UI_20150317_000246	{@st47_b}{b}Темы справочника{/}
UI_20150317_000247	{@st42b}Содержание справки{/}
UI_20150317_000248	{@st59}Показать детали{/}
UI_20150317_000249	Пожалуйста, введите количество:
UI_20150317_000250	{@st59}Введите содержимое{/}
UI_20150317_000251	{@st41}Подтвердить
UI_20150317_000252	{@st59}Подтвердить {/}
UI_20150317_000253	{@st41}Отмена
UI_20150317_000254	{@st59}Отмена {/}
UI_20150317_000255	{@st43}Перемещение{/}
UI_20150317_000256	{@st59}Закрыть окно перемещения{/}
UI_20150317_000257	{@st59b}Перемещение{nl}{@st59s} - Позволяет быстро добраться до регионов, которые вы уже посетили. {nl} - Функция активна, когда две или более статуй перемещения доступны. {nl} {/}
UI_20150317_000258	{@st41}Текущее местоположение : %s{/}
UI_20150317_000259	{@st43}{s22}Перемещение{/}
UI_20150317_000260	{@st41b}Вы хотите переместиться в эту область?{/}
UI_20150317_000261	Что то о Siauliai
UI_20150317_000262	Требуется монет : 0
UI_20150317_000263	Вступление
UI_20150317_000264	{@st43}Инвентарь{/}
UI_20150317_000265	{@st59}Закрыть инвентарь{/}
UI_20150317_000266	{memo X}{@st59b}Снаряжение {nl} {@st59s}--Прическа/Костюм: одевается для изменения внешности персонажа {nl} -Оружие: Можно использовать одноручное или двуручное оружие {nl} (суб-оружие/щит может экипироваться с одноручным оружием) {nl} -Броня: Тело, Поножи, Перчатки, Обувь {nl} -Аксессуары: Можно носить 1 ожерелье и 2 браслета {nl} {/}
UI_20150317_000267	{@st59}Стиль прически 1{/}
UI_20150317_000268	{@st59}Стиль прически 2{/}
UI_20150317_000269	{@st59}Ожерелье{/}
UI_20150317_000270	{@st59}Костюм{/}
UI_20150317_000271	{@st59}Торс{/}
UI_20150317_000272	{@st59}Перчатки{/}
UI_20150317_000273	{@st59}Брюки{/}
UI_20150317_000274	{@st59}Обувь{/}
UI_20150317_000275	{@st59}Левая рука{/}
UI_20150317_000276	{@st59}Правая рука{/}
UI_20150317_000277	{@st59}Браслет 1{/}
UI_20150317_000278	{@st59}Браслет 2{/}
UI_20150317_000279	{@st59}Повязка{/}
UI_20150317_000280	{@st59}Поиск{/}
UI_20150317_000281	 Вес
UI_20150317_000282	{memo X}{@st43}Эффект от снаряжения{/}
UI_20150317_000283	{@st59}Закрыть интерфейс ремонта{/}
UI_20150317_000284	{memo X}{@st42}Эффект может быть применён
UI_20150317_000285	{memo X}{@st42}Расходует{/}
UI_20150317_000286	{memo X}{@st42}Бег
UI_20150317_000287	{memo X}{@st42}Выбранный предмет{/}
UI_20150317_000288	{@st59}Кольцо 1{/}
UI_20150317_000289	{@st43}Создание предмета{/}
UI_20150317_000290	{@st42b} Показать только доступные рецепты {/}
UI_20150317_000291	{@st59}Закрыть окно создания предметов {/}
UI_20150317_000292	{@st43}{s22}Разделить предметы
UI_20150317_000293	{@st59}Введите количество{/}
UI_20150317_000294	Полоска HP монстра
UI_20150317_000295	{@st44}Приобретенный комплект{/}
UI_20150317_000296	Клавиатура Воина
UI_20150317_000297	Убивать
UI_20150317_000298	99 минут 99 секунд
UI_20150317_000299	38000 очков
UI_20150317_000300	Улучшенное зелье скорости
UI_20150317_000301	{@st41}Подтверждение {/}
UI_20150317_000302	{@st59b} Журнал приключений {nl}{@st59s}- Прогресс игры записывается в журнале приключений. {nl} - Продвижение в журнале происходит за счет: предметов, монстров, создание вещей, карты, игрового прогресса. {nl} - Продвижение по журналу : Сумма всех критериев. {nl} - Персонаж: 5 очков за уровень и уровень класса. {nl} - Предметы : Обмундирование: Уровень X 10 очков, Книги : 10 очков, Другое : 1 очко. {nl} - Монстры : 10 очков за монстра (Босс: 50 очков). {nl} - Карта : 1 очко каждые 10%. {nl} - Задания: 1 очко за задание. {nl} - Достижения: Зависит от достижения. {nl} - Создание предметов : 10 очков. {nl} - Коллекции : Кусочек пазла: 5 очков, когда собран: 45 очков. {nl} - Получайте награды у NPC, в зависимости от продвижения в журнале {/}
UI_20150317_000303	{@sti7}{s22}{ds}Достижения{/}
UI_20150317_000304	{@st42b}{#22FF22} Топ 10% / %s {/}
UI_20150317_000305	{@st42b} Среднее / %s {/}
UI_20150317_000306	1й / %s очки
UI_20150317_000307	Rank %s
UI_20150317_000308	%s Очков
UI_20150317_000309	Профессия
UI_20150317_000310	Команда
UI_20150317_000311	{@st59}Закрыть Журнал Приключений{/}
UI_20150317_000312	{@st43}Рейтинг журнала приключений{/}
UI_20150317_000313	{@st43}{s22}Ранг 
UI_20150317_000314	{@st43}{s22}Имя
UI_20150317_000315	{@st43}{s22}Очки
UI_20150317_000316	{@st41}Детали{/}
UI_20150317_000317	{@st43}Начать создание/}
UI_20150317_000318	{@st59}Начать создание вещей.{/}
UI_20150317_000319	{@st44}Клавиатура{/}
UI_20150317_000320	{@st42}Лимит времени
UI_20150317_000321	{@st56}Убить{/}
UI_20150317_000322	{@st56}СуперУбийство{/}
UI_20150317_000323	{@st56}Выстрел{/}
UI_20150317_000324	{@st56}Смерть{/}
UI_20150317_000325	Сила заклинания
UI_20150317_000326	Защита
UI_20150317_000327	Магическое сопротивление
UI_20150317_000328	Шанс критического удара
UI_20150317_000329	{@st43}Гнездо{/}
UI_20150317_000330	{@st59}Закрыть управление гнездами{/}
UI_20150317_000331	Пожалуйста вставьте предметы
UI_20150317_000332	Потенциал
UI_20150317_000333	{memo X}Стоимость дополнительного сокета : {#ff9933}%s{/}{nl}Стоимость извлечения : {#ff9933}%s{/}
UI_20150317_000334	{@st41b}Добавить гнездо
UI_20150317_000335	{@st41b}Извлечь камень
UI_20150317_000336	{@st41}Создать{/}
UI_20150317_000337	{@st41}%s %s шт
UI_20150317_000338	Карта местности
UI_20150317_000339	{memo X}Местность разведана : 95.5%
UI_20150317_000340	{memo X}{@st45tw}Местность разведана %s% {/}
UI_20150317_000341	{@st59}Закрыть карту (M){/}
UI_20150317_000342	{@st41}Карта{/}
UI_20150317_000343	Shift(стереть), Ctrl(заполнить середину)
UI_20150317_000344	{ol}Титул
UI_20150317_000345	{@st41}Добавить{/}
UI_20150317_000346	{@st41}Удалить{/}
UI_20150317_000347	{@st41}Сохранить{/}
UI_20150317_000348	{@st41}Автоматически{/}
UI_20150317_000349	{@st41}Сброс{/}
UI_20150317_000350	{@st59}Указать количество.{/}
UI_20150317_000351	{ol}Группа
UI_20150317_000352	{ol}Сообщение
UI_20150317_000353	{ol}Звук
UI_20150317_000354	{@st41}Создать миникарту{/}
UI_20150317_000355	{@st55}Карта местности
UI_20150317_000356	{@st43}{s22}Рынок{/}
UI_20150317_000357	{@st43}{s24}Рынок{/}
UI_20150317_000358	{@st42b}Фильтр{/}
UI_20150317_000359	{@st42b}Тип{/}
UI_20150317_000360	{@st42b}Рек. ур.{/}
UI_20150317_000361	{@st42b}Высокий ур.{/}
UI_20150317_000362	{@st42b}Имя
UI_20150317_000363	{@st41b}Шкаф предметов%s
UI_20150317_000364	{@st41b}Продать
UI_20150317_000365	{@st41b}Поиск
UI_20150317_000366	{@st59}Закрыть рынок{/}
UI_20150317_000367	{@st42b}Сортировать
UI_20150317_000368	{@st41b}Предметы на продажу
UI_20150317_000369	{@st43}{s22}Шкаф предметов
UI_20150317_000370	{@st41b}Получить все
UI_20150317_000371	{@st41b} Получить
UI_20150317_000372	{@st43}{s22}Продать
UI_20150317_000373	{@st42b}Количество
UI_20150317_000374	{@st42b}Цена
UI_20150317_000375	{@st42b}Скрыть имя продавца{/}
UI_20150317_000376	{@st41b}Добавить
UI_20150317_000377	Осадные монеты
UI_20150317_000378	Кто-то убил кого-то
UI_20150317_000379	{@st43}Мини-игры{/}
UI_20150317_000380	{@st49}Огненая Катапульта{/}
UI_20150317_000381	{@st44}Контроль направления{/}
UI_20150317_000382	{@st44}Огонь{/}
UI_20150317_000383	Мини-игра
UI_20150317_000384	{s18}{ol}{gr gradation1}Мини-игра Прятки{/}
UI_20150317_000385	{s16}Вы желаете присоединиться к мини-игре?
UI_20150317_000386	{s16}Участников: (0/5)
UI_20150317_000387	{s16}Участников: (%s /%s)
UI_20150317_000388	{s16}Игра начнется через 1 секунды.
UI_20150317_000389	{s16}Игра начнется через %s секунд.
UI_20150317_000390	{@st59}Приблизить{/}
UI_20150317_000391	{@st59}Отдалить{/}
UI_20150317_000392	{@st59}Карта (M){/}
UI_20150317_000393	{@st42b} Карта местности
UI_20150317_000394	{@st44}Синтезация предмета{/}
UI_20150317_000395	{s16}{#FFcc66}{ol}Пожалуйста выберите предмет который хотите создать{/}{/}
UI_20150317_000396	{s16}{#FFcc66}{ol}Перенесите ингридиенты в ячейку
UI_20150317_000397	{@st42}Создать{/}
UI_20150317_000398	{@st42} Отмена{/}
UI_20150317_000399	Информация об %s
UI_20150317_000400	Kepa или ...
UI_20150317_000401	{@st41}{Детали}
UI_20150317_000402	{s20}{#050505}Описание Монстра Описание Монстра Описание Монстра Описание Монстра
UI_20150317_000403	{@st41} Убить {/}
UI_20150317_000404	{@st41} СуперУбийство {/}
UI_20150317_000405	{@st41} Обычное Убийство {/}
UI_20150317_000406	{@st41} Местность {/}
UI_20150317_000407	{@st41} Предмет {/}
UI_20150317_000408	{@st41} Достижения {/}
UI_20150317_000409	Объект
UI_20150317_000410	{@st43}Некрономикон{/}
UI_20150317_000411	{@st59}Закрыть Некрономикон UI{/}
UI_20150317_000412	{memo X}{@st59}Я слишком ленив, что бы думать.{/}
UI_20150317_000413	Призыв существа : {#ffcc33}%s{/}
UI_20150317_000414	{memo X}Undead Harpy
UI_20150317_000415	{memo X}Умение: %s
UI_20150317_000416	{memo X}Умение 1, Умение 2
UI_20150317_000417	{memo X}Нужно фрагментов : %s
UI_20150317_000418	{memo X}Животные 60 / Насекомые 20/ Мутанты 10
UI_20150317_000419	Количество фрагментов
UI_20150317_000420	{memo X}Часть 1
UI_20150317_000421	{memo X}Часть 2
UI_20150317_000422	{memo X}Часть 3
UI_20150317_000423	Поздравляем! Ваш уровень повышен.
UI_20150317_000424	Элемент Сигнала
UI_20150317_000425	{@st64}Детали{/}
UI_20150317_000426	Как Играть
UI_20150317_000427	{@st42b}Перемещайте персонажа вниз, вверх,  вправо, влево.{/}
UI_20150317_000428	{@st42b}            Используйте {nl}           основную атаку{/}
UI_20150317_000429	{@st42b}             Подпрыгните{/}
UI_20150317_000430	{@st42b}            Используйте две клавиши, {nl}        что бы двигаться по диагонали{/}
UI_20150317_000431	Инструмент "Туман Войны"
UI_20150317_000432	Инструмент для убийста монстров
UI_20150317_000433	Инструмент для создания мини-карты
UI_20150317_000434	Инструмент диалога
UI_20150317_000435	{@st43}GM настройки{/}
UI_20150317_000436	{@st59}Закрыть информацию о группе{/}
UI_20150317_000437	{@st59b} Информация о группе {nl}{@st59s} - Нажмите клавишу создания Группы в нижней части экрана для того что бы создать группу {nl} - Щелкните правой кнопкой мыши по другому игроку для приглашения в группу {nl} - Изменение параметров группы с помощью вкладки настройки группы {nl} - Применить условия для поиска членов группы из общих групп {/}
UI_20150317_000438	{@st43}Информация о группе{/}
UI_20150317_000439	{@st41b}Участники{/}
UI_20150317_000440	{@st41b} События группы {/}
UI_20150317_000441	{@st41b}Настройки{/}
UI_20150317_000442	{memo X}{@st41}Участники{/}
UI_20150317_000443	{memo X}{@st41}Условия для вступления в группу
UI_20150317_000444	{memo X}{@st41b}Публичные
UI_20150317_000445	{memo X}{@st41b}Личные
UI_20150317_000446	{memo X}Рекомендуемый уровень~
UI_20150317_000447	{memo X}{@st41}Распределение предметов
UI_20150317_000448	{memo X}{@st41b}Каждому своё
UI_20150317_000449	{memo X}{@st41b}По порядку
UI_20150317_000450	{memo X}{@st41b}Случайно
UI_20150317_000451	{memo X}{@st41}EXP Распределение
UI_20150317_000452	{memo X}{@st41b}Не делится
UI_20150317_000453	{memo X}{@st41b}Делится
UI_20150317_000454	{memo X}{@st41b}В зависимости от ур.
UI_20150317_000455	{memo X}{@st41}Поделиться Заданием
UI_20150317_000456	{memo X}{@st41b}Включено
UI_20150317_000457	{memo X}{@st41b}Отключено
UI_20150317_000458	{@st41b}Создать группу
UI_20150317_000459	{@st43}Публичный список групп {/}
UI_20150317_000460	{@st59b} Список групп {nl}{@st59s} - Поиск группы в которую хотите вступить {nl} - Используйте настройки условий для поиска группы в которую хотите вступить {/}
UI_20150317_000461	{@st59}Закрыть список групп{/}
UI_20150317_000462	Поиск
UI_20150317_000463	Задания
UI_20150317_000464	Опыт
UI_20150317_000465	Предметы
UI_20150317_000466	{@st43}Пригласить
UI_20150317_000467	{@st41b}Пригласить {/}
UI_20150317_000468	{memo X}{s18}{ol}{gr gradation1}Logout PC rules{/}
UI_20150317_000469	{ol}Условия применения правил
UI_20150317_000470	{ol}Действие для применения правил
UI_20150317_000471	Введите название для правила
UI_20150317_000472	{Gr gradation1}Регистрация{/}
UI_20150317_000473	Правила регистрации
UI_20150317_000474	{Gr gradation1}Отмена{/}
UI_20150317_000475	Отменить действие
UI_20150317_000476	{@st43}Информация о Компаньоне
UI_20150317_000477	{@st59b} Информация о компаньоне {nl} {@st59s} - Вы можете настроить компаньона для режима отдыха {nl} - Вы можете настроить атрибуты и вещи вашего компаньона {/}
UI_20150317_000478	{@st59}Закрыть Информацию о Компаньоне{/}
UI_20150317_000479	{memo X}{@st41b}Имя: {@sti9}%s{/}
UI_20150317_000480	{memo X}{@sti9}%s{@st41b}Близость : {@sti9}%s {@st41b}Уровень{/}
UI_20150317_000481	{memo X}{@st41b}EXP{/}
UI_20150317_000482	{@st41b}Выносливость{/}
UI_20150317_000483	{memo X}{@st41b}Близость{/}
UI_20150317_000484	{memo X}{@st41b}Атрибуты и Информация
UI_20150317_000485	{@st43}Компаньон/}
UI_20150317_000486	{@st59b}Компаньон {nl} {@st59s} - Нажмите на предмет в списке для просмотра деталей {/}
UI_20150317_000487	{@st59}Закрыть Компаньона{/}
UI_20150317_000488	{@st59}Закрыть Окно Справки{/}
UI_20150317_000489	{@st59}Справка{nl} - Просмотреть детали и советы. {nl} - Посмотреть другие темы справки{/}
UI_20150317_000490	{@st43}Справка{/}
UI_20150317_000491	Разделы Справки
UI_20150317_000492	{ol}{#AAAA00}{s16}Прошло времени : %s
UI_20150317_000493	{@st43}Ядовитый котёл{/}
UI_20150317_000494	{@st59}Закрыть интерфейс Ядовитого котла{/}
UI_20150317_000495	{@st59}Необходимо написать{/}
UI_20150317_000496	{memo X}Колличество яда: %s
UI_20150317_000497	{memo X}Предметы которые могу быть использованы для создания яда
UI_20150317_000498	{memo X}Выбрать всё
UI_20150317_000499	Нажмите еще раз, чтобы отменить все выделения
UI_20150317_000500	{memo X}Создание
UI_20150317_000501	{memo X}мешаем мешаем смешиваем и перемешиваем
UI_20150317_000502	{@st43}Категория{/}
UI_20150317_000503	{@st43}Я{/}
UI_20150317_000504	{@st43Объект{/}
UI_20150317_000505	{@st43}Уровень{/}
UI_20150317_000506	{@st43}Средства{/}
UI_20150317_000507	{@st43}Рейтинг{/}
UI_20150317_000508	{@st43}Рейтинг побед в пвп{/}
UI_20150317_000509	{@st59}Закрыть{/}
UI_20150317_000510	{@sti5}Общая сумма покупки: %s{/}
UI_20150317_000511	{@sti5}Итого : %s{/}
UI_20150317_000512	{@st41b} Купить
UI_20150317_000513	{memo X}{@st43}Накопите материалы для Изготовления предмета!
UI_20150317_000514	{@st43}Выдающееся произведение искусства{/}
UI_20150317_000515	{@st41}Удалить все
UI_20150317_000516	{memo X}{@st42}Пособие предмета {@stx1}(%s требует){/}
UI_20150317_000517	{@st41}Комбинации
UI_20150317_000518	{@st43}Задание{/}
UI_20150317_000519	{@st59b}Задания{nl}{@st59s} - Когда вы получаете новое задание, оно добавляется в трекер заданий. {nl} - Основные задания отображаются желтым, побочные синим цветом. {nl} - Стрелка под ногами показывает путь к месту назначения. {nl} - Если вы выполнили задание, в трекере отображается иконка "Возврата" {nl}    (Перемещает вас к NPC нажатием Backspace или щелчком мыши) {nl} - Добавить или удалить задание с трекера, можно отметив или сняв галочку накротив задания в журнале. {/}
UI_20150317_000520	{@st41b}В процессе{/}
UI_20150317_000521	{@st41b}Отмененные{/}
UI_20150317_000522	{@st43}{s22}Информация о задании{/}
UI_20150317_000523	Миссия выполнена
UI_20150317_000524	{@st41}Выполнено{/}
UI_20150317_000525	Информация о прогрессе миссии
UI_20150317_000526	{s18}{ol}Информация о задании
UI_20150317_000527	{S16}Оставшиеся время
UI_20150317_000528	Использовать предмет для задания
UI_20150317_000529	Подсказка к заданию
UI_20150317_000530	{@st41}Подтвердить{/}
UI_20150317_000531	{@st43}{s22}Задание выполнено{/}
UI_20150317_000532	{@st41b}Готово{/}
UI_20150317_000533	{@st41}Принять{/}
UI_20150317_000534	{@st41}Отклонить{/}
UI_20150317_000535	{@st44}Вернуться{/}
UI_20150317_000536	К какому заданию ты хочешь вернуться?
UI_20150317_000537	{memo X}{@st41b}Название задания класса{/}
UI_20150317_000538	{@st59}Увеличить количество слотов. {/}
UI_20150317_000539	{@st59}Уменьшить количество слотов. {/}
UI_20150317_000540	{memo X}{@st59}Призвать Компаньона.{/}
UI_20150317_000541	{@st44}Меню{/}
UI_20150317_000542	{@st60}Выбор персонажа{/}
UI_20150317_000543	{@st60}Сменить пользователя {/}
UI_20150317_000544	{@st60}Выйти из игры{/}
UI_20150317_000545	{@st60}Настройки игры{/}
UI_20150317_000546	{@st60)Вернуться{/}
UI_20150317_000547	{@st41}Пропустить обучение{/}
UI_20150317_000548	{@st41)Выбрать персонажа{/}
UI_20150317_000549	{@st41}Сменить пользователя{/}
UI_20150317_000550	{@st41}Выйти из игры{/}
UI_20150317_000551	{@st41}Вернуться{/}
UI_20150317_000552	{@st43}{s22}Собрать рейд!
UI_20150317_000553	{@st41b}Монстры приближаются к замку. Только вы можете решить эту проблему.
UI_20150317_000554	{@st43}{s22}Настройки игры{/}
UI_20150317_000555	{@sti7}Поиск группы для рейда...{/}
UI_20150317_000556	{@st41b}Отклонить предложение
UI_20150317_000557	{@st41b}Я постараюсь решить эту проблему!
UI_20150317_000558	{@st41b}Я не думаю, что смогу помочь вам сейчас...
UI_20150317_000559	{@sti7}{s24}Распределение награды в рейде{/}
UI_20150317_000560	{@st42b}Оставшееся время {@st43}%s{@st42b} секунд{/}
UI_20150317_000561	{@st41b}Увеличить число для подбора
UI_20150317_000562	{@43b}{s22} No. раз подбора : {@st43}%s{/}
UI_20150317_000563	shadow_box tentativeremoval
UI_20150317_000564	{@st43}Ранги{/}
UI_20150317_000565	{@st59}Закрыть окно Рангов{/}
UI_20150317_000566	{@st41}Топ 100 убийц монстров{/}
UI_20150317_000567	{@st41}Топ 100 урона{/}
UI_20150317_000568	{@st41}Топ 100 богачей{/}
UI_20150317_000569	{@st41}Топ 100 уровней{/}
UI_20150317_000570	{@st41b}Меню{/}
UI_20150317_000571	{@st43}{s22}Зачаровать предмет{/}
UI_20150317_000572	{@st41b}Выберите предмет
UI_20150317_000573	{@st41b}Наковальня
UI_20150317_000574	{@st41}{s20}Попаданий по наковальне:{@st43} %s
UI_20150317_000575	{@st41} {s20}Цена : %s
UI_20150317_000576	{@st41b}Зачаровать{/}
UI_20150317_000577	{@st59}Начать Зачарование предмета{/}
UI_20150317_000578	{@st59}Закрыть улучшение{/}
UI_20150317_000579	{@st41b} Вы уверены что хотите начать зачарование с {@sti9}×%s{/} выбранными предметами?{/}
UI_20150317_000580	{memo X}{@st43}Зачарование
UI_20150317_000581	{@st44}Зачарованные предметы{/}
UI_20150317_000582	{S24}{b}{#000000}Зачарование законченно!
UI_20150317_000583	{@st41}Зачаровать снова{/}
UI_20150317_000584	{@st41}Закрыть{/}
UI_20150317_000585	{s18}{ol}{gr gradation1}Ремонтировать Снаряжение{/}
UI_20150317_000586	Надеть Снаряжение
UI_20150317_000587	Экипированное Снаряжение
UI_20150317_000588	{Gr gradation1}Выбрать Все{/}
UI_20150317_000589	Выбрать Все
UI_20150317_000590	{Gr gradation1}Ремонт{/}
UI_20150317_000591	{@st43}Ремонт{/}
UI_20150317_000592	{memo X}Список предметов для ремонта
UI_20150317_000593	{@st41b}Стоимость Ремонта/}
UI_20150317_000594	{@st41b}После Ремонта{/}
UI_20150317_000595	{@st41b}Ремонтировать Снаряжение{/}
UI_20150317_000596	Ремонтировать выбранное снаряжение.
UI_20150317_000597	{@st59}Закрыть Ремонт Предметов{/}
UI_20150317_000598	{@st43}Ремонт Предметов{/}
UI_20150317_000599	{@st41}Список предметов для ремонта{/}
UI_20150317_000600	{@st44}Предмет Починен{/}
UI_20150317_000601	{@st42}Ремонт{/}
UI_20150317_000602	{@st59}Ремонтировать с заданными настройками{/}
UI_20150317_000603	{@st59}Не ремонтировать{/}
UI_20150317_000604	{@st44}Продолжить{/}
UI_20150317_000605	{memo X}{@st41b}Вы стали {/}{s20}{#cc6600}{ol} неспособны продолжать бой{/}{@st41b}{/}
UI_20150317_000606	{memo X}{@st41b}Воскреснуть на близжайшей точке воскрешения{/}
UI_20150317_000607	{memo X}{@st41b} Воскреснуть здесь (%s iCoins требуется) {/}
UI_20150317_000608	{memo X}{@st41b}Вернуться на поле{/}
UI_20150317_000609	{memo X}{@st41b}Отменить задание и начать сначала{/}
UI_20150317_000610	{memo X}{@st41b}Попробовать снова{/}
UI_20150317_000611	Святилище Воскрешения (70031)
UI_20150317_000612	Этот предмет необходим.
UI_20150317_000613	Быстрая клавиша отдыха
UI_20150317_000614	{@st43}Окно диалога{/}
UI_20150317_000615	Временное название
UI_20150317_000616	{memo X}{@st41b} {s18} Отсутствует место в инвентаре
UI_20150317_000617	{memo X}Инвентарь полон, вы не можете больше получать предметы {nl}пожалуйста разгрузите инвентарь.
UI_20150317_000618	{@st44}Набор предметов Приобретен!{/}
UI_20150317_000619	Пожалуйста, выберите предмет
UI_20150317_000620	{memo X}{@st59b} магазин {nl} {@st59s} - если вы хотите приобрести несколько предметов, нажмите правую кнопку мыши {nl} - Используйте двойной щелчек мыши по предмету который вы хотите продать {/}
UI_20150317_000621	{@st59}Закрыть магазин{/}
UI_20150317_000622	{@st59}Первая страница{/}
UI_20150317_000623	{@st59}Следующая страница{/}
UI_20150317_000624	{@st59}Последняя Страница{/}
UI_20150317_000625	{@st41b}Сбросить{/}
UI_20150317_000626	{@st59}Очистить корзину{/}
UI_20150317_000627	{@st41b}Подтвердить{/}
UI_20150317_000628	{@st59}Подтвердить сделку.{/}
UI_20150317_000629	{@st43}Магазин{/}
UI_20150317_000630	{@st41b}Приобретенные товары{/}
UI_20150317_000631	{@st41b}Проданные товары{/}
UI_20150317_000632	{memo X}{@st41b}Цена{/}
UI_20150317_000633	{memo X}{@st41b}Баланс{/}
UI_20150317_000634	{memo X}{@st41b}Мои проданные предметы{/}
UI_20150317_000635	{@st41}Пустая ячейка{/}
UI_20150317_000636	{@st43}Всего{/}
UI_20150317_000637	{@st41}Сделка{/}
UI_20150317_000638	{@st41}После сделки{/}
UI_20150317_000639	{@st41}Купленные предметы{/}
UI_20150317_000640	{memo X}{@sti1c}Симония
UI_20150317_000641	{@st41}Умение Создавать предметы
UI_20150317_000642	{@st42}Уровень %s{/}
UI_20150317_000643	Цена создания предмета
UI_20150317_000644	Кол-во для создания
UI_20150317_000645	Приблизительно потребуется %s секунд
UI_20150317_000646	{@st41}Создать
UI_20150317_000647	{memo X}{@st43}Классовые умения и Атрибуты{/}
UI_20150317_000648	{memo X}{@st59}Закрыть Умения и Класс{/}
UI_20150317_000649	{@st59b}Классы{nl}{@st59s}- Вы можете выучить новые навыки, при достижении нового ранга. {nl} - Вы можете выбирать из 3 доступных классов. {nl} - Вы можете выбрать один и тот же класс, до 3 раз подряд. {nl} - Вы не можете вернуться к предыдущему классу. {nl} - Вы должны использовать все очки умения, для продвижения. {nl} - Вы можете выбрать тот же класс.{nl}{@st59b}Навыки{nl}{@st59s} - Вы можете увеличить каждый навык до 5.{nl} - Атрибуты изученные у мастеров, можно увидеть ниже. {/}
UI_20150317_000650	{memo X}{@st41b}Применить{/}
UI_20150317_000651	{@st59}Применить{/}
UI_20150317_000652	Cleric
UI_20150317_000653	{@st59}Отмена{/}
UI_20150317_000654	Обучение: {#ff4400}%s (уровень %s){/}
UI_20150317_000655	Psychohassle
UI_20150317_000656	Осталось: %s мин. 
UI_20150317_000657	{@st43}Позировать/}
UI_20150317_000658	{@st59}Перестать позировать{/}
UI_20150317_000659	{@st41}Доска{/}
UI_20150317_000660	{@st41}Торговать{/}
UI_20150317_000661	{@st41}Социальные функции{/}
UI_20150317_000662	{@st41b}Написать{/}
UI_20150317_000663	{@st41}Зарегистрировать{/}
UI_20150317_000664	{@st59}Зарегистрировать сообщение{/}
UI_20150317_000665	{@st41}Начать мою страницу{/}
UI_20150317_000666	{@st59}Опубликовать мою страницу{/}
UI_20150317_000667	{@st59}Написать приветствие{/}
UI_20150317_000668	{@st41b}1. Меню{/}
UI_20150317_000669	{@st41}Посетить{/}
UI_20150317_000670	{@st59}Посетить мою страницу{/}
UI_20150317_000671	{@st41}Продать{/}
UI_20150317_000672	{@st59}Продать предмет{/}
UI_20150317_000673	{@st43}Дом{/}
UI_20150317_000674	{@st59}Закрыть дом{/}
UI_20150317_000675	{@st41}Посмотреть все{/}
UI_20150317_000676	{@st41}Создать карту{/}
UI_20150317_000677	{@st41}%s/мин (%s в работе){/}
UI_20150317_000678	КлавиатураВоина
UI_20150317_000679	{@st42}%s{/}{@st42_yellow}Уровень{/}
UI_20150317_000680	{@st41_yellow}Время занятости
UI_20150317_000681	{@st43}Граффити{/}
UI_20150317_000682	{@st59}Закрыть Спрей{/}
UI_20150317_000683	{@st41b}Подсказка : Нарисуйте изображение в рамке{/}
UI_20150317_000684	{@st41b}Цвета{/}
UI_20150317_000685	{@st41b}Количество{/}
UI_20150317_000686	{@st41b}Кисть{/}
UI_20150317_000687	{@st43}Рисовать{/}
UI_20150317_000688	{@st59}Нарисуйте завершенное изображение на земле.{/}
UI_20150317_000689	{@st41b}{a SAVE_EDIT_SPRAY}Сохранить{/}{/}
UI_20150317_000690	{@st59}Сохранить рисунок{/}
UI_20150317_000691	{@st41b}{a LOAD_EDIT_SPRAY}Загрузить{/}{/}
UI_20150317_000692	{@st59}Загрузить ваш рисунок.{/}
UI_20150317_000693	{@st59}Выберите цвет 1{/}
UI_20150317_000694	{@st59}Выберите цвет 2{/}
UI_20150317_000695	{@st59}Список цветов{/}
UI_20150317_000696	{@st59}Выбрать кисть{/}
UI_20150317_000697	{@st59}Кисть 1{/}
UI_20150317_000698	{@st59}Кисть 2{/}
UI_20150317_000699	{@st59}Кисть 3{/}
UI_20150317_000700	{@st59}Кисть 4{/}
UI_20150317_000701	{@st59}Кисть 5{/}
UI_20150317_000702	{@st59}Кисть 6{/}
UI_20150317_000703	{@st49}Игроки которым это понравилось{/}
UI_20150317_000704	{s20}{#050505}Описать всё
UI_20150317_000705	{@st41} Все {/}
UI_20150317_000706	{@st41} Группа {/}
UI_20150317_000707	{@st41} Монстр {/}
UI_20150317_000708	{memo X}{@st41b}{#f0dcaa}Оставшиеся Очки Статуса ▶ {@st46}%s
UI_20150317_000709	{@st59b}Информация{nl}{@st59s}- Способности : При повышении уровня, вы получаете очки, которые можно использовать для повышения силы способностей. {nl}- Информация : Информация о персонаже на основе его умений и обмундировании. {nl}- Титул : Может быть получен за достижения. {nl} {/}
UI_20150317_000710	{@st41b}Информация{/}
UI_20150317_000711	{memo X}{@st41b}Титул{/}
UI_20150317_000712	Показать класс
UI_20150317_000713	Показать имя персонажа
UI_20150317_000714	{@st59}Изменить имя персонажа{/}
UI_20150317_000715	{memo X}{@st41b}Применить{/}
UI_20150317_000716	{memo X}{@st59}Применить{/}
UI_20150317_000717	{@st41b}Отмена
UI_20150317_000718	{memo X}{@st59}Отмена{/}
UI_20150317_000719	Имя компьютера
UI_20150317_000720	{@st41_yellow}Уровень: {@st41}%s{/}
UI_20150317_000721	{memo X}{@st41_yellow}Способности наемников
UI_20150317_000722	{@st43}Эффект атаки{/}
UI_20150317_000723	{@st43}Эффект защиты{/}
UI_20150317_000724	{@st43}Параметр{/}
UI_20150317_000725	systemmenu_vertical tentative removal
UI_20150317_000726	{@st59}Информация о персонаже (F1){/}
UI_20150317_000727	{@st59}Инвентарь (F2){/}
UI_20150317_000728	{@st59}Классы и Навыки (F3){/}
UI_20150317_000729	{@st59}Журнал приключений (F4){/}
UI_20150317_000730	{@st59}Задания (F5){/}
UI_20150317_000731	{@st59}Группа (F6){/}
UI_20150317_000732	{@st59}Друзья (F7){/}
UI_20150317_000733	{@st59}Макросы (F8) {/}
UI_20150317_000734	{@st59}Компаньон (F9) {/}
UI_20150317_000735	{@st59}Справка (F10) {/}
UI_20150317_000736	{@st59}Системное меню (Esc){/}
UI_20150317_000737	{@st59}Некрономикон{/}
UI_20150317_000738	Справка(F1)
UI_20150317_000739	Содержание
UI_20150317_000740	Показать детали
UI_20150317_000741	{@st43}Настройки игры{/}
UI_20150317_000742	{@st43}Игра{/}
UI_20150317_000743	{memo X}{@st41b}Показывать получаемый опыт{/}
UI_20150317_000744	{memo X}{@st41b}Показывать имена персонажей{/}
UI_20150317_000745	{memo X}{@st41b}Показать Название Команды {/}
UI_20150317_000746	{memo X}{@st41b}Показать справочник по заданиям{/}
UI_20150317_000747	{@st43}Разрешение{/}
UI_20150317_000748	{@st43}Графика{/}
UI_20150317_000749	{memo X}{@st41b}Во весь экран{/}
UI_20150317_000750	{memo X}{@st41b}Оконный режим{/}
UI_20150317_000751	{@st43}Звук{/}
UI_20150317_000752	{memo X}{@st41b}Громкость эффектов (%s){/}
UI_20150317_000753	{memo X}{@st41b}Громкость музыки (%s){/}
UI_20150317_000754	{memo X}{@st41b}Громкость (%s){/}
UI_20150317_000755	{@St43}{b}Выбрать язык {/}{/}
UI_20150317_000756	{@st59}Закрыть настройки{/}
UI_20150317_000757	{memo X}Минимальные настройки {@st41b} {/}
UI_20150317_000758	{@st41b}Просмотреть{/}
UI_20150317_000759	{@st59}Авторы{/}
UI_20150317_000760	Целевое окно заклинаний
UI_20150317_000761	{@st46}Насыщенная картинка
UI_20150317_000762	{@st46}%s's картинка
UI_20150317_000763	{@st46}Нравится
UI_20150317_000764	{@st46}Пожаловаться
UI_20150317_000765	{@st46}Использование консервантов
UI_20150317_000766	{@st46}Удалить картинку
UI_20150317_000767	Снежные Галлюцинации
UI_20150317_000768	Букет
UI_20150317_000769	{@st41} Подарки
UI_20150317_000770	Пожалуйста введите колличество
UI_20150317_000771	{@st53b}%s Побед %s Поражений
UI_20150317_000772	{@st42}Расписание на сегодня
UI_20150317_000773	{@st53}Начать :
UI_20150317_000774	{@st53b}Подарков получено : ×%s
UI_20150317_000775	{@st43b}Подарков отправлено на %s{/}
UI_20150317_000776	{@st55_a}Следующая игра
UI_20150317_000777	{@st53}- Нажмите на имя, что бы наблюдать{nl}- Правой кнопкой отправить подарок
UI_20150317_000778	Закрепить камеру на персонаже
UI_20150317_000779	{@st55_a}Поздравляем!
UI_20150317_000780	{@st42}Сменить камеру
UI_20150317_000781	{@st44}Журнал приключений{/}
UI_20150317_000782	{@st59}Изменить параметры просмотра{/}
UI_20150317_000783	{@st41} Статистика {/}
UI_20150317_000784	{@st41}Ремесло {/}
UI_20150317_000785	{@st41} Охота {/}
UI_20150317_000786	{@st41} Помощь{/}
UI_20150317_000787	{@st44}Страница Wiki{/}
UI_20150317_000788	{@st42}Информация{/}
UI_20150317_000789	{@st42}Детали{/}
UI_20150317_000790	{@st42}Битва{/}
UI_20150317_000791	{@st42}Получить{/}
UI_20150317_000792	{@st59}Закрыть страницу{/}
UI_20150317_000793	{memo X}{@st43}Поле боя
UI_20150317_000794	{memo X}{@st59}Покинуть поле боя.
UI_20150317_000795	{memo X}(Бронза 3)
UI_20150317_000796	{@sti8}Очки заработанные сегодня : {nl}%s{/}
UI_20150317_000797	{@st41}Магазин Славы
UI_20150317_000798	{@st41}Ранги
UI_20150317_000799	{memo X}{@st42}Расписание Поля битвы
UI_20150317_000800	{@st42}Последние записи
UI_20150317_000801	{@st41}Получено EXP
UI_20150317_000802	{@st41}Окно ПвП
UI_20150317_000803	{@st41}Поиск
UI_20150317_000804	{memo X}{@st43}Рейтинг Поля битвы
UI_20150317_000805	{memo X}{@st59}Закрыть Рейтинг Поля битвы
UI_20150317_000806	{@st56}Название умения {/}
UI_20150317_000807	{@st41}Проверит координаты{/}
UI_20150317_000808	{@st41}Найти{/}
UI_20150317_000809	{@st42b}Управление респауном монстров{/}
UI_20150317_000810	{@st42b}Список монстров{/}
UI_20150317_000811	{@st42b}Создать пользовательский интерфейс{/}
UI_20150317_000812	{@st42b}Туман войны{/}
UI_20150317_000813	{@st42b}Создать карту{/}
UI_20150317_000814	{@st42b}Создать мини карту{/}
UI_20150317_000815	{@st42b}Диалог {/}
UI_20150317_000816	{@st42b}Изменить награду за задание{/}
UI_20150317_000817	{@st42b}Восстановление группы{/}
UI_20150317_000818	{@st42b}Установить местоположение на карте{/}
UI_20150317_000819	{@st42b}Дерево умений{/}
UI_20150317_000820	{@st42b}Список событий{/}
UI_20150317_000821	{@st42b}Проверить координаты{/}
UI_20150317_000822	{@st42b} Проверить XAC, путь текстур{/}
UI_20150317_000823	{@st42b}Производительность вкл/выкл{/}
UI_20150317_000824	Список диалогов
UI_20150317_000825	Искать
UI_20150317_000826	{@st41}Предварительный просмотр{/}
UI_20150317_000827	{@st41}Выкл{/}
UI_20150317_000828	{@st41}Удалить{/}
UI_20150317_000829	{@st41}Сохранить все{/}
UI_20150317_000830	{@st41}Применить изображение{/}
UI_20150317_000831	{#FFFFFF}{ds}Выбрать событие
UI_20150317_000832	{#FFFFFF}{ds}Редактировать событие
UI_20150317_000833	{ol}Список
UI_20150317_000834	Сохранить название группы
UI_20150317_000835	{@st42}Создать новую{/}
UI_20150317_000836	{@st41}Восстановление группы{/}
UI_20150317_000837	{@st59}Введите имя монстра для поиска{/}
UI_20150317_000838	{@st59}Введите название группы для поиска{/}
UI_20150317_000839	{@st41}Новая группа{/}
UI_20150317_000840	Отфильтровать
UI_20150317_000841	{@st59}Применить фильтр{/}
UI_20150317_000842	{ol}Значение свойства
UI_20150317_000843	Список классов
UI_20150317_000844	Применить к XML
UI_20150317_000845	{#FFFFFF}{ds}Лог
UI_20150317_000846	{#FFFFFF}{ds}Просмотреть все свойства
UI_20150317_000847	Введите слово для поиска
UI_20150317_000848	Все значения атрибутов
UI_20150317_000849	{ol}Имя
UI_20150317_000850	{ol}Значение
UI_20150317_000851	Вор
UI_20150317_000852	{ol}Проверка
UI_20150317_000853	{ol}Воор
UI_20150317_000854	Список классов
UI_20150317_000855	Конвертировать в XML
UI_20150317_000856	{ol}Название класса
UI_20150317_000857	{ol}Название имущества
UI_20150317_000858	{ol}Изменить значение
UI_20150317_000859	{ol}Применить
UI_20150317_000860	Открыть Папку
UI_20150317_000861	Проверить все
UI_20150317_000862	История
UI_20150317_000863	Откат значения
UI_20150317_000864	{ol}Выберите предмет
UI_20150317_000865	Введите название для поиска
UI_20150317_000866	{@st42}Подтвердить{/}
UI_20150317_000867	{@st41}Создать пользовательский интерфейс{/}
UI_20150317_000868	{ol}Рамка
UI_20150317_000869	{@st41}Рамка{/}
UI_20150317_000870	{@st41}Кнопка{/}
UI_20150317_000871	{@st41}Текст{/}
UI_20150317_000872	{@st42b}Нормальный{img btn_close}
UI_20150317_000873	{@st42b}Аукцион{img btn_close}
UI_20150317_000874	{@st41}Установить местоположение на карте{/}
UI_20150317_000875	{@st41}Переименовать{/}
UI_20150317_000876	{@st59}Введите слова для фильтра{/}
UI_20150317_000877	{@st41}Создать{/}
UI_20150317_000878	{@st56}Сохранить в XML{/}
UI_20150317_000879	{@st56}Сброс{/}
UI_20150317_000880	{@st56}Атрибут{/}
UI_20150317_000881	{@st56}Значение{/}
UI_20150317_000882	{@st42}Содержание{/}
UI_20150317_000883	{@st41}Отменить{/}
UI_20150317_000884	{@st41}Сохранить все{/}
UI_20150317_000885	{@st41}Открыть XML{/}
UI_20150317_000886	{@st42b}Исправленных Навыков: 0{/}
UI_20150317_000887	{@st42b}Исправленных навыков : %s{/}
UI_20150317_000888	{@st42b}Самонаведение Мышки{/}
UI_20150317_000889	{@st42b}Имя Навыка{/}
UI_20150317_000890	{@st41}Список монстров{/}
UI_20150317_000891	{@st41}Окно производительности{/}
UI_20150317_000892	{ol}Выбрать задание
UI_20150317_000893	Введите название задания для поиска
UI_20150317_000894	{ol}Выбрать карту
UI_20150317_000895	Введите название карты для поиска
UI_20150317_000896	{@st42}Текущая карта{/}
UI_20150317_000897	{ol}Название карты
UI_20150317_000898	{ol}Координаты
UI_20150317_000899	{@st41}Изменить награду за задание{/}
UI_20150317_000900	{@st59}Введите задание для поиска{/}
UI_20150317_000901	{@st59}Введите элемент для поиска{/}
UI_20150317_000902	{@st42}EXP
UI_20150317_000903	{ol}Основная награда
UI_20150317_000904	{ol}Количество
UI_20150317_000905	{ol}Дополнительная награда
UI_20150317_000906	{@st45}Частота использования кодов
UI_20150317_000907	{@st41}Дерево умений{/}
UI_20150317_000908	{@st42}Способность{/}
UI_20150317_000909	{@st42}Warrior{/}
UI_20150317_000910	{@st42}Wizard{/}
UI_20150317_000911	{@st42}Archer{/}
UI_20150317_000912	{@st42}Monk{/}
UI_20150317_000913	{@st42}Sorcerer{/}
UI_20150317_000914	{memo X}{@st41}Навык{/}
UI_20150317_000915	{memo X}{@st59}Загрузить Xml{/}
UI_20150317_000916	{memo X}{@st41}Загрузить{/}
UI_20150317_000917	{memo X}{@st59}Сохранить как xml{/}
UI_20150317_000918	{memo X}{@st59}Сбросить открытое дерево умений/}
UI_20150317_000919	{memo X}{@st41}Сбросить{/}
UI_20150317_000920	{memo X}{@st59}Сбросить все дерево  умений{/}
UI_20150317_000921	{memo X}{@st41}Сбросить все{/}
UI_20150317_000922	{memo X}{S18}Удалить скрипт
UI_20150317_000923	{memo X}{S18}Строковый параметр
UI_20150317_000924	{memo X}{s18}строка 1 аргумент
UI_20150317_000925	{memo X}{s18}строка 2 аргумент
UI_20150317_000926	{memo X}{s18}Максимальный уровень навыка
UI_20150317_000927	{memo X}{@st59}Удалить окно скрипта{/}
UI_20150317_000928	{memo X}{@st59}Удалить аргумент скрипта{/}
UI_20150317_000929	{memo X}{@st59}Максимальный уровень навыка{/}
UI_20150317_000930	{memo X}{@st59}Сохранить свойство{/}
UI_20150317_000931	{memo X}{@st41}Сохранить свойство{/}
UI_20150317_000932	{memo X}{@st44}Список UI{/}
UI_20150317_000933	{ds}Список дополнений
UI_20150317_000934	{ds}Фиксированный рамка списка
UI_20150317_000935	{@st42}Список UI{/}
UI_20150317_000936	{@st59}показать cписок UI{/}
UI_20150317_000937	{@st42}Регулировка положения{/}
UI_20150317_000938	{@st59}Регулировка положения{/}
UI_20150317_000939	{@st42}Редактировать свойства{/}
UI_20150317_000940	{@st59}Редактировать свойства{/}
UI_20150317_000941	{@st42}Сохранить{/}
UI_20150317_000942	{@st59}Сохранить{/}
UI_20150317_000943	{@st44}Редактировать настройки UI{/}
UI_20150317_000944	{@St59}Выбрать персонажа{/}
UI_20150317_000945	{@St59}Сменить пользователя{/}
UI_20150317_000946	{@St59}Настройки{/}
UI_20150317_000947	{@St59}Выход{/}
UI_20150317_000948	{@st43}Настройки дома{/}
UI_20150317_000949	{@st59}Закрыть настройки дома{/}
UI_20150317_000950	{memo X}{@St42_b}{s18}{#f5c384}Имя группы{/}
UI_20150317_000951	{@st59}Введите имя группы {/}
UI_20150317_000952	{memo X}{@st59}Сохранить имя группы{/}
UI_20150317_000953	Предварительное удаление
UI_20150317_000954	{@St59}Закрыть декорации дома{/}
UI_20150317_000955	{@St43}Декорация барака{/}
UI_20150317_000956	{@St41b}Тема{/}
UI_20150317_000957	{@St41b}Расположение предмета{/}
UI_20150317_000958	{@St41b}Имя
UI_20150317_000959	{@St41b}Цена
UI_20150317_000960	{@St41b}Состояние
UI_20150317_000961	{@St44}Новый персонаж{/}
UI_20150317_000962	{@St41b}{s22}Выберите класс персонажа{/}
UI_20150317_000963	{@St41b}Назад{/}
UI_20150317_000964	{@St59}Вернуться в Ваш дом для создания персонажа.
UI_20150317_000965	Сменить персонажа
UI_20150317_000966	{@St41}Персонаж{/}
UI_20150317_000967	{@St59}Повернуть по часовой стрелке{/}
UI_20150317_000968	{@St59}Повернуть против часовой стрелки/}
UI_20150317_000969	{@St43b}Вращение персонажа{/}
UI_20150317_000970	{@st43}Имя персонажа{/}
UI_20150317_000971	Введите имя для {@st59} {/}
UI_20150317_000972	{@St43b}Выберите Пол{/}
UI_20150317_000973	{@St59}Девушка{/}
UI_20150317_000974	{@St59}Парень{/}
UI_20150317_000975	{@st43b}Выберите прическу{/}
UI_20150317_000976	{@st59}Стиль волос 1{/}
UI_20150317_000977	{@st59}Стиль волос 2{/}
UI_20150317_000978	{@St59}Стиль волос 3{/}
UI_20150317_000979	{@st59}Стиль волос 4{/}
UI_20150317_000980	{@st59}Стиль волос 5{/}
UI_20150317_000981	{@st59}Стиль волос 6{/}
UI_20150317_000982	{@st59}Стиль волос 7{/}
UI_20150317_000983	{@st59}Стиль волос 8{/}
UI_20150317_000984	{@st59}Стиль волос 9{/}
UI_20150317_000985	{@st59}Стиль волос 10{/}
UI_20150317_000986	{@St43b}Выберите Класс{/}
UI_20150317_000987	{@st59}Swordsman{/}
UI_20150317_000988	{@st59}Wizard{/}
UI_20150317_000989	{@st59}Archer{/}
UI_20150317_000990	{@st59}Cleric{/}
UI_20150317_000991	{@St41b}Посетить барак {/}
UI_20150317_000992	{@St59}Посетить барак другого игрока.{/}
UI_20150317_000993	{@St41b}Вернуться{/}
UI_20150317_000994	{@St59}Вернуться на экран входа в игру{/}
UI_20150317_000995	{@St41b}Выйти из игры{/}
UI_20150317_000996	{@St59}Выйти из Tree of Savior{/}
UI_20150317_000997	{@st41b}Выбрать канал{/}
UI_20150317_000998	{memo X}{@st43}Старт{/}
UI_20150317_000999	{@St59}Начать игру за выбранного персонажа{/}
UI_20150317_001000	{@St43}{s26}Название команды{/}
UI_20150317_001001	{@st59}Название команды{/}
UI_20150317_001002	{memo X}{@st41b}Изменить название команды{/}
UI_20150317_001003	{memo X}{@st59} Изменить название вашей команды{/}
UI_20150317_001004	{@St41}Компаньон{/}
UI_20150317_001005	Перетащить чат
UI_20150317_001006	{@St44}Новое название диалога{/}
UI_20150317_001007	{@St42}Изменить{/}
UI_20150317_001008	{@St44}Новое название окна{/}
UI_20150317_001009	{@St43}{s40}{gr gradation4}Создание персонажа{/}
UI_20150317_001010	{@St59}Создать персонаж{/}
UI_20150317_001011	{@St59}Отменить создания персонажа{/}
UI_20150317_001012	{@St59}Закрыть{/}
UI_20150317_001013	{@St59}Создать команду с введеным названием{/}
UI_20150317_001014	{@St43}{s30}{#f0dcaa}Введите фамилию семьи!
UI_20150317_001015	{memo X}{@St41b}Название команды отображается на всех персонажах.{nl}Это общее название используется в игре.{nl}Название команды в дальнейшем можно изменить.{/}
UI_20150317_001016	Загрузка фона
UI_20150317_001017	Подсказка
UI_20150317_001018	Игровые подсказки
UI_20150317_001019	Вход
UI_20150317_001020	Аккаунт ID
UI_20150317_001021	{@st59}Введите свой ID аккаунта{/}
UI_20150317_001022	Пароль
UI_20150317_001023	{@St59}Введите ваш пароль/}
UI_20150317_001024	{@St43}Старт{/}
UI_20150317_001025	{@St59}Присоединиться к выбранному серверу{/}
UI_20150317_001026	{@st41b}Повтор{/}
UI_20150317_001027	{@st41b}Одиночный режим{/}
UI_20150317_001028	{@St41b}Выйти из игры{/}
UI_20150317_001029	Сохранить
UI_20150317_001030	{@St59}Если отмечено, ваш аккаунт будет сохранен{/}
UI_20150317_001031	Сервера
UI_20150317_001032	{@St59}Выберите сервер{/}
UI_20150317_001033	Введите логин
UI_20150317_001034	[Закрытое бета-тестирование]
UI_20150317_001035	Опции
UI_20150317_001036	Дальность
UI_20150317_001037	{S20}{#BBBBBB}Дальность
UI_20150317_001038	Дальность :
UI_20150317_001039	Персонаж :
UI_20150317_001040	Фоновые объекты :
UI_20150317_001041	Топография-Трава (%) :
UI_20150317_001042	Топография-Деревья (%) :
UI_20150317_001043	Топография-объекты(%) :
UI_20150317_001044	Тень
UI_20150317_001045	{S20}{#BBBBBB}Тень карты
UI_20150317_001046	Использование затемненной карты
UI_20150317_001047	Качество теней :
UI_20150317_001048	Использовать SSAO
UI_20150317_001049	SSAO Способ :
UI_20150317_001050	SSAO Разрешение :
UI_20150317_001051	Отражения в воде
UI_20150317_001052	{s20}{#BBBBBB}Отражения в воде
UI_20150317_001053	Отражение персонажей в воде
UI_20150317_001054	Отражение фона в воде
UI_20150317_001055	{s20}{#BBBBBB}Настройки свечения
UI_20150317_001056	Включить свечение
UI_20150317_001057	{@st41}Атака{/}
UI_20150317_001058	{@St41}Защита{/}
UI_20150317_001059	{@st41}Поддержка{/}
UI_20150317_001060	{@St41}Сложность{/}
UI_20150317_001061	{@St41}Волосы
UI_20150317_001062	{@st41}Крутить 
UI_20150317_001063	{@St43}Создать персонажа
UI_20150317_001064	{@St59}Создать персонажа{/}
UI_20150317_001065	{@St41b}Отмена
UI_20150317_001066	{@St59}Отменить выбор данного персонажа{/}
UI_20150317_001067	Информация о персонаже
UI_20150317_001068	{@st41}Взять с собой
UI_20150317_001069	{@St59}Нажмите, затем выберите за каким персонажем следовать компаньону{/}
UI_20150317_001070	Интерфейс создания предмета
UI_20150317_001071	{S24}Name :
UI_20150317_001072	{S16} STR :
UI_20150317_001073	{S16} HP :
UI_20150317_001074	{S16} AGI :
UI_20150317_001075	{S16} VIT :
UI_20150317_001076	{S16} Force :
UI_20150317_001077	{S18} Выбор класса
UI_20150317_001078	{S18} Right Way Union
UI_20150317_001079	{S18} Providence Evil Union
UI_20150317_001080	Hong Moo Moon
UI_20150317_001081	Dae Do Cheon
UI_20150317_001082	Fire Swords
UI_20150317_001083	For adenomas hwageuk
UI_20150317_001084	Puncture sex
UI_20150317_001085	Yeonhwagyo
UI_20150317_001086	{S16}Пол и внешний вид
UI_20150317_001087	Мужчина
UI_20150317_001088	Женщина
UI_20150317_001089	Прическа
UI_20150317_001090	Управление
UI_20150317_001091	Ширина плечь
UI_20150317_001092	Размер рук и ног
UI_20150317_001093	Ширина торса
UI_20150317_001094	Ширин бедер
UI_20150317_001095	Ширина талии
UI_20150317_001096	{S18} Размер головы
UI_20150317_001097	{S14} Рост
UI_20150317_001098	{S14} Ширина плечь
UI_20150317_001099	{S14} Размер рук и ног
UI_20150317_001100	{S14} Ширина Груди
UI_20150317_001101	{S14} Ширина бедер
UI_20150317_001102	{S14} Ширина таза
UI_20150317_001103	Использовать Предварительно установленый набор
UI_20150317_001104	Случайный
UI_20150317_001105	Создать нового персонажа
UI_20150317_001106	Отменить создание персонажа
UI_20150317_001107	{@St43}{s40}{gr gradation4}Начать играть{/}
UI_20150317_001108	{@St43}{s40}{gr gradation4}Конец Предпросмотра{/}
UI_20150317_001109	{@St43}{s40}{gr gradation4}Вернуться в область{/}
UI_20150317_001110	{@St59}Вернуться в область.{/}
UI_20150317_001111	{@St41b}Вернуться{/}
UI_20150317_001112	{@St59}Вернуться в мой барак.{/}
UI_20150317_001113	{@St43}{s24}Название Барака{/}
UI_20150317_001114	{@St59}Название Барака{/}
UI_20150317_001115	{@st41b}Декорации{/}
UI_20150317_001116	{@St59}Декорации барака{/}
UI_20150317_001117	{@St41b}Настройка{/}
UI_20150317_001118	{@St59}Настройки барака{/}
UI_20150317_001119	Настройка рамки предметов
UI_20150317_001120	Зеленый
UI_20150317_001121	Плотность
UI_20150317_001122	Как HP
UI_20150317_001123	{@st59}Аксессуары для волос{/}
UI_20150317_001124	{@st59}Доволнительные аксессуары{/}
UI_20150317_001125	{@St42}Текст{/}
UI_20150317_001126	Базовое название
UI_20150317_001127	Базовое название группы
UI_20150317_001128	Базовое название предмета
UI_20150317_001129	Мистер Ким
UI_20150317_001130	Вес : %s
UI_20150317_001131	N/A
UI_20150317_001132	%S раса
UI_20150317_001133	N/A
UI_20150317_001134	Личное
UI_20150317_001135	Нельзя перековать
UI_20150317_001136	N/A
UI_20150317_001137	Название предмета
UI_20150317_001138	N/A
UI_20150317_001139	Уровень и выше
UI_20150317_001140	Все могут одеть
UI_20150317_001141	{memo X}Максимальное количество слотов %s шт
UI_20150317_001142	Название предмета
UI_20150317_001143	Стоимость продажи : %s Серебра
UI_20150317_001144	Сколько стоит
UI_20150317_001145	{@St42b}Полное Исследование Курсов Шяуляй{/}
UI_20150317_001146	{@St42b}Разведка Западного Леса{/}
UI_20150317_001147	{@St18}Предмет{/}
UI_20150317_001148	{@St18}Мой ранг{/}
UI_20150317_001149	Алмаз
UI_20150317_001150	Выносливость +9.000
UI_20150317_001151	{@St18}Средний{/}
UI_20150317_001152	{@St42b}{s18}Мастерство{/}
UI_20150317_001153	{@St55_c}Название предмета
UI_20150317_001154	{@St55_c}Сохранить заметку
UI_20150317_001155	{@St59}Укажите название. Если название не указано, будет использованно название по умолчанию.{/}
UI_20150317_001156	{@St59}Написать заметку{/}
UI_20150317_001157	{@St43}Создать предметы
UI_20150317_001158	{memo X}{@st42b}%s очков {/}
UI_20150317_001159	{memo X}{@st42b}%s собак {/}
UI_20150317_001160	{memo X}{@st42b}%s очков {/}
UI_20150317_001161	{memo X}{@st42b}%s собак {/}
UI_20150317_001162	{memo X}{S16}{ol}за цену
UI_20150317_001163	Итого : 1
UI_20150317_001164	{memo X}{@St41}Справка
UI_20150317_001165	{memo X}{@St41}Название Изображения
UI_20150317_001166	{@St41}Регистрация
UI_20150317_001167	{@St41}Титул
UI_20150317_001168	{@St41}Сообщение
UI_20150317_001169	{@St43}Имя{/}
UI_20150317_001170	{@St41b}Сообщения{/}
UI_20150317_001171	{@St42b}Авторизоваться{/}
UI_20150317_001172	{@St41}Создать новый диалог
UI_20150317_001173	{@St41}Весь диалог
UI_20150317_001174	Название региона
UI_20150317_001175	{@St41}Название способностей
UI_20150317_001176	{@St41}Очки атрибутов
UI_20150317_001177	{@St41}Название класса
UI_20150317_001178	Имя персонажа
UI_20150317_001179	{@Sti7}Удалить{/}
UI_20150317_001180	Уровень персонажа
UI_20150317_001181	{@St42}Поделиться заданием{/}
UI_20150317_001182	{@St42}Делить опыт{/}
UI_20150317_001183	Персональные заметки
UI_20150317_001184	{memo X}Средний уровень группы : {#FFFF00}%s{/}
UI_20150317_001185	{memo X}Поиск для : {#FFFF00}%s{/}
UI_20150317_001186	{memo X}Cleric / Archer
UI_20150317_001187	{memo X}Поделиться заданием: {#FFFF00}%s{/}
UI_20150317_001188	{memo X}N/A
UI_20150317_001189	{memo X}Разделение опыта : {#FFFF00}%s{/}
UI_20150317_001190	{memo X}Равное деление
UI_20150317_001191	{memo X}Распределение предметов : {#FFFF00}%s{/}
UI_20150317_001192	{memo X}Распределять случайно
UI_20150317_001193	Как я могу
UI_20150317_001194	Ты не видешь кто это?
UI_20150317_001195	{@st41b} Журнал обновлен.
UI_20150317_001196	Меню целей для задания
UI_20150317_001197	Категории задания
UI_20150317_001198	Список целей
UI_20150317_001199	N/A
UI_20150317_001200	Маршрут проложен
UI_20150317_001201	Slot Object_Standard
UI_20150317_001202	Slot Object_Cash Slot
UI_20150317_001203	Детали персонажа Тип 1
UI_20150317_001204	Детали персонажа Тип 2
UI_20150317_001205	Список инвентаря Тип 1
UI_20150317_001206	Список инвентаря Тип 2
UI_20150317_001207	Тип слотов инвентаря
UI_20150317_001208	Посмотреть информацию о предмете на аукционе
UI_20150317_001209	Конечное название предмета
UI_20150317_001210	Вывод конечного числа
UI_20150317_001211	Вывод стоимости
UI_20150317_001212	Когда ты добавишь это в корзину
UI_20150317_001213	Вывод общей стоимости
UI_20150317_001214	Для вывода предмета
UI_20150317_001215	Вывод цены за ед. товара
UI_20150317_001216	Категория предмета
UI_20150317_001217	Новости
UI_20150317_001218	{@St42b}Перезапустить{/}
UI_20150317_001219	Peltang Stang
UI_20150317_001220	99 кругов
UI_20150317_001221	Победить 8 Mad Vubbe
UI_20150317_001222	Подсказка
UI_20150317_001223	EXP: sad{br}+1 Зачарованный кристалл (Атака)
UI_20150317_001224	Меч ученика
UI_20150317_001225	Ремонт Прочности :
UI_20150317_001226	Стоимость ремонта : 120 Серебра
UI_20150317_001227	Стоимость ремонта : %s серебра
UI_20150317_001228	{@st42b}Ставка {@sti7}%s{/}
UI_20150317_001229	{@st42b}Текущая цена {img icon_item_silver 20 20}{@st57}%s{/}
UI_20150317_001230	{@St41}Купить немедленно! {Img icon_item_silver 20 20}{@st57}%s{/}
UI_20150317_001231	{@St41b}Получить предметы{/}
UI_20150317_001232	{@st42b} Предложить цену {img icon_item_silver 20 20}{@st57}%s{/}
UI_20150317_001233	{@Sti7}Возврат
UI_20150317_001234	{@St59}Головной убор{/}
UI_20150317_001235	{@St59}Левый браслет{/}
UI_20150317_001236	{@St59}Правый браслет{/}
UI_20150317_001237	{@St59}Костюм{/}
UI_20150317_001238	{@st59}Кольцо{/}
UI_20150317_001239	Имя питомца
UI_20150317_001240	Chandler bundle
UI_20150317_001241	Западный Лес и т.д...
UI_20150317_001242	{memo X}Использовать iCoins
UI_20150317_001243	Название категории
UI_20150317_001244	Это Справка
UI_20150317_001245	{@Sti7}%s Очков{/}
UI_20150317_001246	{@st41b}%s Счёт
UI_20150317_001247	Завершено 25 заданий
UI_20150317_001248	[Sub]Thron Forest
UI_20150317_001249	{@St42}Экипированное снаряжение
UI_20150317_001250	{@St44}Ранг %s. Информация о классе:{/}
UI_20150317_001251	Распространение тревоги
UI_20150317_001252	Like Heart
UI_20150317_001253	N/A
UI_20150317_001254	Уровень %s
UI_20150317_001255	{memo X}Заметка : {#666666}%s
UI_20150317_001256	Ayase
UI_20150317_001257	Взаимоотношения с %s
UI_20150317_001258	{#FFFF33}%s{/} предлагает дружбу{/}
UI_20150317_001259	{@St41b}Принять
UI_20150317_001260	{memo X}{@St41b}Отклонить
UI_20150317_001261	{@St53b}Загрузить список ваших друзей.
UI_20150317_001262	Уровень %s{/}
UI_20150317_001263	{@st41} Отменить
UI_20150317_001264	Пожалуйста добавьте заклинание, для его продажи.
UI_20150317_001265	Цена : %s{/}
UI_20150317_001266	Оставшееся количество
UI_20150317_001267	{@St41}Покупка
UI_20150317_001268	Оставшееся количество:%s {/}
UI_20150317_001269	{@St41}Предмет{/}
UI_20150317_001270	{@St41b} Заметка
UI_20150317_001271	{@St41b}Создание
UI_20150317_001272	{memo X}{@St41b}Цена : %s{/}
UI_20150317_001273	{@Sti5}Цена : %s{/}
UI_20150317_001274	{@Sti9} Групповое задание(%s){/}
UI_20150317_001275	{@st41_yellow} Карта разведана %s% {/}
UI_20150317_001276	{@st41_yellow} Счёт %s {/}
UI_20150317_001277	{@st42b}{b}Колличество Достижений{/}
UI_20150317_001278	{@st59}Присоединиться к групповому заданию{/}
UI_20150317_001279	Windows
UI_20150317_001280	Статус
UI_20150317_001281	Вкладка
UI_20150317_001282	Изображение предмета
UI_20150317_001283	Эффект
UI_20150317_001284	Панель управления
UI_20150317_001285	{@St41}Сложность : %s
UI_20150317_001286	{@St42}Оставшееся время : %s
UI_20150317_001287	{@St53}создание предмета
UI_20150323_001288	{@st59}Положите предметы в эту область{/}
UI_20150323_001289	{@st42}Отменить
UI_20150323_001290	{@st42}Подтвердить
UI_20150323_001291	{@st43}Брикетирование{/}
UI_20150323_001292	Текущий потенциал
UI_20150323_001293	Потребляемые материалы
UI_20150323_001294	Потребляемое колличество
UI_20150323_001295	Доступное колличество
UI_20150323_001296	{memo X}{@sti6}Записать Сделку
UI_20150323_001297	{memo X}{@st43}Лагерь
UI_20150323_001298	Название Вывески
UI_20150323_001299	{memo X}{@st43}Строить
UI_20150323_001300	{memo X}{@stc1}Лагерь на непродолжительное время
UI_20150323_001301	{@stc1}Эффект
UI_20150323_001302	{@stc1}Цена и материалы
UI_20150323_001303	{memo X}{@st41b}Лагерь
UI_20150323_001304	{memo X}{@st41b}Войти
UI_20150323_001305	{@st41b}Обновить
UI_20150323_001306	{@st59}Возобновляет прошлый раз.{/}
UI_20150323_001307	{memo X}{@st41b}Лагерь на непродолжительное время
UI_20150323_001308	{@st41b}Эффект
UI_20150323_001309	{memo X}{@st42b}Лагерь длится 24 часа с момента его установки. Снимается %s серебра.
UI_20150323_001310	{memo X}{@st41b}Персональный склад
UI_20150323_001311	{memo X}{@stc1}Забрать или оставить предмет на складе стоит %s серебра.{/}
UI_20150323_001312	{memo X}{@st41}{#ffff00}Зафиксировать Цель{/}
UI_20150323_001313	{@st43}Стол закусок
UI_20150323_001314	{memo X}{@st41b}Тип еды
UI_20150323_001315	{memo X}{@st41b}Стол
UI_20150323_001316	{@st59}Закрыть{/}
UI_20150323_001317	{@st43}Гримуар{/}
UI_20150323_001318	{@st59}Закрыть Гримуар{/}
UI_20150323_001319	{memo X}Мой навык призыва
UI_20150323_001320	Основная карта
UI_20150323_001321	Дополнительная карта
UI_20150323_001322	{memo X}Stat
UI_20150323_001323	{memo X}CON
UI_20150323_001324	{memo X}INT
UI_20150323_001325	{memo X}DEX
UI_20150323_001326	{memo X}CRT
UI_20150323_001327	{memo X}{@st43}Открыть магазин{/}
UI_20150323_001328	{@st41b}Настройки
UI_20150323_001329	Цена за один предмет
UI_20150323_001330	{@st41b}Список материалов
UI_20150323_001331	{memo X}{@st43}Обжиг камней{/}
UI_20150323_001332	{@st59}Закрыть UI{/}
UI_20150323_001333	{@st41b}Ремонт{/}
UI_20150323_001334	{memo X}{@st41b}Войти{/}
UI_20150323_001335	{memo X}Полученная стоимость
UI_20150323_001336	{@st59}Вставьте самоцвет{/}
UI_20150323_001337	Потребляемые материалы
UI_20150323_001338	Необходимая сумма
UI_20150323_001339	{@st42}Закрыть
UI_20150323_001340	{@st43}Ремонтировать оружие{/}
UI_20150323_001341	{@st43}Ремонтировать снаряжение{/}
UI_20150323_001342	{memo X}{@st41b}Полученная стоимость
UI_20150323_001343	{@st41b}Материалы
UI_20150323_001344	{@st43}Ремонтировать{/}
UI_20150323_001345	{@st41b}Ремонтировать{/}
UI_20150323_001346	Уровень умения
UI_20150323_001347	{@st41}Количество игроков, чтобы войти
UI_20150323_001348	{@st43}Улучшаемый предмет в подземелье
UI_20150323_001349	{@st41}Необходимые материалы
UI_20150323_001350	{@st59}Необходимые материалы{/}
UI_20150323_001351	 Рек. уровень:%s
UI_20150323_001352	{memo X}{@st43}Выбрать тип Интерфейса{/}
UI_20150323_001353	{@st43}Купить в магазине
UI_20150323_001354	Название магазина
UI_20150323_001355	{@st41b}Открыть магазин
UI_20150323_001356	{@st59}Начать покупки в магазине{/}
UI_20150323_001357	{@st59}Отменить{/}
UI_20150323_001358	{@st59}Закрыть магазин{/}
UI_20150323_001359	Запрос на покупку
UI_20150323_001360	{memo X}{@st59}Закрыть запрос на покупку
UI_20150323_001361	{memo X}{@st59}Начать покупки в магазине{nl} - Торгуйте вашими предметами для получения серебра
UI_20150323_001362	{memo X}{@st43}Предметы которые покупатель хочет преобрести{/}
UI_20150323_001363	{memo X}{@st43}Предметы для продажи
UI_20150323_001364	{memo X}{@st43}Общая выручка
UI_20150323_001365	{memo X}{@st41}Продать
UI_20150323_001366	{@st41}Алхимические материалы
UI_20150323_001367	{@st41}Результат алхимии {@stx1}(%s требуется){/}
UI_20150323_001368	{@st59}Призвать питомца{/}
UI_20150323_001369	{@st41b}Персонаж{/}
UI_20150323_001370	{@st59}Гримуар{/}
UI_20150323_001371	{memo X}{@st41b}Применить Bloom{/}
UI_20150323_001372	{memo X}{@st41b}Применить Vignette{/}
UI_20150323_001373	{memo X}{@st41b}Применить FXAA{/}
UI_20150323_001374	{memo X}{@st41b}Применить GLOW{/}
UI_20150323_001375	{memo X}{@st41b}Применить Depth {/}
UI_20150323_001376	{memo X}{@st41b}Применить SoftParticle{/}
UI_20150323_001377	{@st43}Персональный Склад{/}
UI_20150323_001378	{memo X}{@st59}Закрыть персональный склад{/}
UI_20150323_001379	{memo X}{@sti6}Хранение или получение предметов со склада стоит %s серебра...{/}
UI_20150323_001380	{memo X}{@st59}Alt+Z для смены оружия{/}
UI_20150323_001381	{@st59}Сохранить настройки дома{/}
UI_20150323_001382	Декорации дома
UI_20150323_001383	{@st59}Закрыть окно изменения дома
UI_20150323_001384	{memo X}{@st59}Изменить дом{nl} - Изменение карты дома и добавление слотов персонажа.
UI_20150323_001385	{memo X}{@st41}Отмена предварительного просмотра
UI_20150323_001386	{memo X}{@st46}Мои iCoins : %s{/}
UI_20150323_001387	{memo X}{@st41b}Изменить дом{/}
UI_20150323_001388	{@st59}Изменить внешний вид дома{/}
UI_20150323_001389	{memo X}{@st41b}Настройки дома{/}
UI_20150323_001390	{@st59}Изменить настройки дома{/}
UI_20150323_001391	{memo X}{@st45ty}Приветствие персонажа{/}
UI_20150323_001392	{memo X}{@st45ty}Купить в магазине
UI_20150323_001393	{@st41b}Изменить
UI_20150323_001394	{@st59}Изменить приветствие персонажа{/}
UI_20150323_001395	{@st59}Купить набор в магазине{/}
UI_20150323_001396	Купить кол. : %s{/}
UI_20150323_001397	Поиск предметов которые хотите преобрести
UI_20150323_001398	Колличество.
UI_20150323_001399	Цена за единицу
UI_20150323_001400	{@sti5}%s шт{/}
UI_20150323_001401	{@st41}Еда
UI_20150323_001402	{@st41}Создание
UI_20150323_001403	{memo X}{@st41}Создание кол.
UI_20150323_001404	{memo X}{@st41}Потребляемые материалы
UI_20150401_001405	{@st59}Закрыть брикетирования{/}
UI_20150401_001406	{memo X}{@st41}Расформировать лагерь
UI_20150401_001407	{@st43}[%s Круг]{/}
UI_20150401_001408	{@st43}Навыки{/}
UI_20150401_001409	{@st43}Подсказка по классу{/}
UI_20150401_001410	Подсказка по классу
UI_20150401_001411	{memo X}{@st42}{#ffff00}Зафиксировать цель {/}
UI_20150401_001412	{memo X}{@st41}Распустить стол
UI_20150401_001413	{@st43}Окрашивание{/}
UI_20150401_001414	Джойстик. Панель быстрого доступа.
UI_20150401_001415	{memo X}{@st42}{#ffff00}Управление с Клавиатуры{/}
UI_20150401_001416	{@st43}Открыть предложенные ячейки
UI_20150401_001417	{@st41b}Открыть
UI_20150401_001418	{@st41b}Ящик предложений
UI_20150401_001419	{@st41}Название ящика предложений
UI_20150401_001420	Оплата
UI_20150401_001421	Расчётная прибыль
UI_20150401_001422	Средства
UI_20150401_001423	{memo X}{@st45tw}Детали ящика предложений
UI_20150401_001424	{@st41}Продать всё
UI_20150401_001425	{@st43}Ящик предложений
UI_20150401_001426	Предложение
UI_20150401_001427	Сделка
UI_20150401_001428	Предполагаемый Остаток
UI_20150401_001429	{@st45tw}Ящик предложений
UI_20150401_001430	{memo X}{@st41}Пусто
UI_20150401_001431	{@st43}Текущий список игроков на локации{/}
UI_20150401_001432	{@st59}Закрыть интерфейс GM{/}
UI_20150401_001433	{memo X}{@st41}Назване группы :
UI_20150401_001434	{s20}Колличество ядов {s28}{b}{#ff6600}%s
UI_20150401_001435	Материалы для создания яда
UI_20150401_001436	{@st41b}Выбрать всё{/}
UI_20150401_001437	{@st59}Отменить выбранное, затем нажать снова{/}
UI_20150401_001438	{@st41b}Создание{/}
UI_20150401_001439	{memo X}{@st59}Смешиваем смешиваем преворачиваем и смешиваем{/}
UI_20150401_001440	{@st41b}Достижения{/}
UI_20150401_001441	Цвет волос
UI_20150401_001442	Доступные Титулы
UI_20150401_001443	{memo X}{@st41b}Интерфейс режима джойстика{/}
UI_20150401_001444	{memo X}{@st41}{#ffffcc}Титул
UI_20150401_001445	{memo X}{@st41}{#ffffcc}Цена
UI_20150401_001446	{memo X}{@st41}{#ffffcc}Статус
UI_20150401_001447	{memo X}{@st41b}Отменить предварительный просмотр
UI_20150401_001448	{memo X}{@st41}{#ffff00}Мои iCoins : %s{/}
UI_20150401_001449	Экипировка
UI_20150401_001450	{memo X}Описание : {#FFFF00}%s{/}
UI_20150401_001451	{memo X}Средний уровень : {#FFFF00}%s{/}
UI_20150401_001452	{memo X}Условие
UI_20150401_001453	Титул %s
UI_20150401_001454	Награда %s
UI_20150401_001455	{memo X}{@st42}Колличество
UI_20150406_001456	{@st43}Лагерь
UI_20150406_001457	{@st42}Построить
UI_20150406_001458	{@st42}Отмена
UI_20150406_001459	{memo X}{@stc1}Длительность лагеря
UI_20150406_001460	{@st41b}Лагерь
UI_20150406_001461	{memo X}{@st41b}Длительность лагеря
UI_20150406_001462	{memo X}{@st42b}Лагерь обновляется в течение 24 часов . {nl}%s серебра оплаченно.
UI_20150406_001463	{memo X}{@st41}Разобрать лагерь
UI_20150406_001464	{memo X}{@st42}Спрятать стол
UI_20150406_001465	{@st59b}Гримуар{nl}{@st59s} - Вставьте карту в ячейку и начните призыв{/}
UI_20150406_001466	{memo X}{@st41}Мой навык призыва
UI_20150406_001467	{memo X}{@st41}Статистика
UI_20150406_001468	{@st41b}Название ящика с предложениями
UI_20150406_001469	{@st41b}Детали предложения
UI_20150406_001470	{@st59}Закрыть магазин
UI_20150406_001471	{@st59b}Начать покупки в магазине{nl}{@st59s} - Торгуйте вашими предметами для получения серебра
UI_20150406_001472	{@st41b}Запрос предмета клиента{/}
UI_20150406_001473	{@st41b}Доступные предметы{/}
UI_20150406_001474	{@st41b}Общая прибыль
UI_20150406_001475	{@st41b}Продать
UI_20150406_001476	{@st59}Продать запрашиваемые предметы{/}
UI_20150406_001477	{@st59}Закрыть персональный склад{/}
UI_20150406_001478	{memo X}{@st41b} %s Серебро снимается за хранение или при получении предмета.{/}
UI_20150406_001479	{@st41b}Колл.
UI_20150414_001480	{memo X}{@st42b}Продолжительность вашего лагеря может быть увеличена.{nl} Стоит: %s серебра.
UI_20150414_001481	{memo X}{@st41b}Тип {@sti7}%s{/}
UI_20150414_001482	{memo X}{@st41b}Сложность управления {@sti7}%s{/}
UI_20150414_001483	{@st59b} Предмет {/}
UI_20150414_001484	{@st59b} Монстр {/}
UI_20150414_001485	{@st59b} Переместить карту {/}
UI_20150414_001486	{@st59b} Боевые команды {/}
UI_20150414_001487	{s26}шт{b}
UI_20150414_001488	{s26}{b}Уровень
UI_20150414_001489	{@st44}{s26}Уровень
UI_20150414_001490	{@st59b}{s26}шт
UI_20150414_001491	{@st41b}Готовить
UI_20150414_001492	{@st41b}Еда
UI_20150414_001493	{memo X}{@st42}Спрятать стол
UI_20150414_001494	{@st41b}Записать{/}
UI_20150414_001495	{memo X}{@st41}Описание группы
UI_20150414_001496	{memo X}{@st41b}Ввод{/}
UI_20150414_001497	Уровень Обжига %s
UI_20150428_001498	{@st43}Покупки в магазине{/}
UI_20150428_001499	{@st41b}Закрыть
UI_20150428_001500	{@st41b}Отчет
UI_20150428_001501	{@st59}Сообщите нам об ошибках{/}
UI_20150428_001502	                                                                              Когда вы отправите отчёт об ошибке, Ваш игровой процесс будет оправлен на наш {nl}сервер. Вы хотите отправить отчёт? 
UI_20150428_001503	{@st41b}Описание ошибки :{/}
UI_20150428_001504	{@st41b}Описание ошибки не обязательный пункт, но это очень поможет нам.
UI_20150428_001505	{@st41b}Отправить
UI_20150428_001506	{@st42}{s14}{#ffff00}Захват цели{/}
UI_20150428_001507	{@st59}Зафиксировать цель независимо от расстояния или направления
UI_20150428_001508	Группа найдена!
UI_20150428_001509	Кнопка отдыха на джойстике
UI_20150428_001510	{@st41b}Режим отдыха
UI_20150428_001511	Руководство по управлению геймпадом
UI_20150428_001512	{memo X}{@st59}Закрыть руководство по джойстику(M){/}
UI_20150428_001513	Руководство по управлению клавиатурой
UI_20150428_001514	{@st44}Выйти{/}
UI_20150428_001515	{memo X}{@st41b}Покинуть помощника(Требуется %s iCoin){/}
UI_20150428_001516	{memo X}Стоимость добавления гнезда : {#ff9933}%s{/}{nl}Стоимость извлечения самоцвета : {#ff9933}%s{/}
UI_20150428_001517	{memo X}{@st41b}Извлечь самоцвет
UI_20150428_001518	{@st42}{s14}{#ffff00}Режим UI{/}
UI_20150428_001519	{@st59}Использовать геймпад или клавиатуру для контроля интерфейса
UI_20150428_001520	{memo X}Использовать Поиск Группы
UI_20150428_001521	{memo X}Когда персонаж, соответствующий вашим настройкам группы, найден {nl} [Группа найдена!] уведомление будет отображаться.
UI_20150428_001522	{memo X}{@st41}Стиль Игры{/}
UI_20150428_001523	Розыск
UI_20150428_001524	Охота
UI_20150428_001525	Событие
UI_20150428_001526	{memo X}{@st41}Разница в Уровнях{/}
UI_20150428_001527	{memo X}Не привязан
UI_20150428_001528	{memo X}{@st41}Желаемый тип класса{/}
UI_20150428_001529	{@st41b}Покинуть группу
UI_20150428_001530	{memo X}{@st59}Поиск группы по описанию{/}
UI_20150428_001531	{s18}{ol}{gr gradation1}Вспомогательные Правила{/}
UI_20150428_001532	{@st59}Продолжать создание{/}
UI_20150428_001533	{memo X}{@st45ty}Цвет волос
UI_20150428_001534	{memo X}{@st45ty}Доступные Титулы
UI_20150428_001535	{@st41_yellow}Навыки помощника
UI_20150428_001536	{memo X}{@st41b}Показать имена других игроков{/}
UI_20150428_001537	{@st43}Режим UI{/}
UI_20150428_001538	{memo X}{@st41b}Автоматически{/}
UI_20150428_001539	{memo X}{@st41b}Геймпад{/}
UI_20150428_001540	{memo X}{@st41b}Клавиатура{/}
UI_20150428_001541	{memo X}Геймпад
UI_20150428_001542	{@st59}Информация о Геймпаде{/}
UI_20150428_001543	{memo X}Клавиатура
UI_20150428_001544	{@st59}Информация о клавиатуре{/}
UI_20150428_001545	{@st43}Настройки Графики{/}
UI_20150428_001546	{@st43}Производительность{/}
UI_20150428_001547	{memo X}{@st41b}Режим низкой графики{/}
UI_20150428_001548	{memo X}{@st41b}Оптимальные настройки{/}
UI_20150428_001549	{memo X}{@st41b}Не использовать{/}
UI_20150428_001550	Игровой FAQ
UI_20150428_001551	Игроки : (%s/%s)
UI_20150428_001552	Хотя бы 100 уровень : (%s/%s)
UI_20150511_001553	{memo X}{@st41}Ссылка на приглашение в группу
UI_20150714_001554	{@st66b}Товар продан : ×%s / Товар не продан : ×%s{/}
UI_20150714_001555	{@st41b}Запись Сделки
UI_20150714_001556	{@st41b}Разобрать лагерь
UI_20150714_001557	Карточная битва
UI_20150714_001558	{@st64}%s Побед(ы) {/}
UI_20150714_001559	Выберите карту
UI_20150714_001560	Ранг приключения:{#ffff00} %s{/} ({#ffff00}ранг #%s{/})
UI_20150714_001561	{@st66b}Нравится!
UI_20150714_001562	{memo X}Мне нравится этот персонаж {#ffff00}%s{/}
UI_20150714_001563	{@st41b}Разобрать стол закусок
UI_20150714_001564	{memo X}{@st42}Мой навык призыва
UI_20150714_001565	{@st42}Статистика
UI_20150714_001566	{memo X}{@st42}Текущее местоположение : %s{/}
UI_20150714_001567	{@st59b}Снаряжение {nl}{@st59s} - Прическа/Костюм: одевается для изменения внешности персонажа. {nl} - Оружие : Можно использовать  одноручное или двуручное оружие {nl}   (доп-оружие/щит может экипироваться с одноручным оружием). {nl} - Броня : Торс, Брюки, Перчатки, Обувь. {nl} - Аксессуары: Можно носить 1 ожерелье и 2 браслета. {nl} {/}
UI_20150714_001568	{@st43}Открыть %s магазин {/}
UI_20150714_001569	{@st41b}Обжиг{/}
UI_20150714_001570	{@st66}Выбрать все
UI_20150714_001571	{@st43}Создать Стрелы{/}
UI_20150714_001572	{@st59}Закрыть UI{/}
UI_20150714_001573	{@st66b}Проверить{/}
UI_20150714_001574	{@st66b}Оставить помощника(Требуется %s монет){/}
UI_20150714_001575	Стоимость добавления гнезда : {#000000}%s{/} {nl}Стоимость извлечения самоцвета : {#000000}%s{/}
UI_20150714_001576	{ds}Рекомендуемый уровень : %s
UI_20150714_001577	Разведанно : 50.0%
UI_20150714_001578	{@st45tw}[%s% разведано]{/}
UI_20150714_001579	>>Показать Больше Деталей...
UI_20150714_001580	%s (Ранг %s)
UI_20150714_001581	Название Профессии
UI_20150714_001582	{@st41b}Пригласить
UI_20150714_001583	{@st41}Если Вы хотите использовать геймпад или мышь, вы можете выбрать их из параметров настройки игры в системном меню.{nl}
UI_20150714_001584	{memo X}Когда вы встречаете персонажа, соответствующего настройкам группы, {nl} [Группа найдена!] появиться уведомление. {Nl} Вас также будут рекомендовать другим группам.
UI_20150714_001585	{memo X}{@st42}Стиль игры{/}
UI_20150714_001586	{@st42}Разница в Ур.{/}
UI_20150714_001587	Любой
UI_20150714_001588	{memo X}{@st42}Тип Класса{/}
UI_20150714_001589	{memo X}{@st42}Название Группы : %s{/}
UI_20150714_001590	{memo X}{@st42}Описание{/}
UI_20150714_001591	{memo X}{@st42}Ввод{/}
UI_20150714_001592	{@st42}Правило распределения предметов
UI_20150714_001593	{@st42}Правило распределения опыта
UI_20150714_001594	Личная EXP
UI_20150714_001595	Поровну EXP
UI_20150714_001596	По уровню
UI_20150714_001597	{@st42}Поделиться заданием
UI_20150714_001598	Отключить
UI_20150714_001599	{@st42}Общественные группы{/}
UI_20150714_001600	{memo X}Уровень
UI_20150714_001601	{@st42}Использовать 'Рекомендуемые Группы'{/}
UI_20150714_001602	По Дистанции
UI_20150714_001603	По Классам
UI_20150714_001604	По Уровням
UI_20150714_001605	По  Заданиям
UI_20150714_001606	По Дружбе
UI_20150714_001607	{memo X}{@st42}Поделиться ссылкой на группу
UI_20150714_001608	>>Предварительный просмотр группы
UI_20150714_001609	Имя группы : %s
UI_20150714_001610	Описание группы : %s
UI_20150714_001611	Когда создана : %s назад
UI_20150714_001612	Участники группы : %s/5
UI_20150714_001613	Вступить
UI_20150714_001614	{@st59}Поиск группы по названию или описанию.{/}
UI_20150714_001615	Детали справки
UI_20150714_001616	{@st43}Окно сообщения
UI_20150714_001617	{@st41b}Все
UI_20150714_001618	{@st41b}Новые
UI_20150714_001619	{memo X}{@st43}{s22}Выберите персонажа, для получения предмета.{/}
UI_20150714_001620	{@st41b}Улучшение
UI_20150714_001621	{@st66}Предметы, требующие ремонта
UI_20150714_001622	{@st43}Симони
UI_20150714_001623	{@st59}Повышение навыков{/}
UI_20150714_001624	{@st59}Закрыть окно Навыков и Атрибутов{/}
UI_20150714_001625	{@st43}Навыки и Атрибуты{/}
UI_20150714_001626	Доступные очки характеристик: {nl}{@st46}%s
UI_20150714_001627	Принятые Симпатии : %s
UI_20150714_001628	{@st66b}Показать получаемый EXP/}
UI_20150714_001629	{@st66b}Показать имя персонажа{/}
UI_20150714_001630	{@st66b}Показать только имя группы{/}
UI_20150714_001631	{@st66b}Показать имена игроков{/}
UI_20150714_001632	{@st66b}Автоматически{/}
UI_20150714_001633	{@st66b}Геймпад{/}
UI_20150714_001634	{@st66b}Клавиатура{/}
UI_20150714_001635	{@st66b}Мышь
UI_20150714_001636	{@st66b}Во весь экран{/}
UI_20150714_001637	{@st66b}Оконный режим{/}
UI_20150714_001638	{@st66b}Громкость звуковых эффектов (%s){/}
UI_20150714_001639	{@st66b}Громкость BGM (%s){/}
UI_20150714_001640	{@st66b}Громкость (%s){/}
UI_20150714_001641	{@st66b}Тихий режим{/}
UI_20150714_001642	{@st66b}Авто настройка{/}
UI_20150714_001643	{@st66b}Не использовать{/}
UI_20150714_001644	{@st66b}Применить Bloom{/}
UI_20150714_001645	{@st66b}Применить Vignette{/}
UI_20150714_001646	{@st66b}Применить FXAA{/}
UI_20150714_001647	{@st66b}Применить Glow{/}
UI_20150714_001648	{@st66b}Применить Depth{/}
UI_20150714_001649	{@st66b}Применить Soft Particle{/}
UI_20150714_001650	{@st66b}Применить High Texture {/}
UI_20150714_001651	{@st66b}Включения V-Sync{/}
UI_20150714_001652	{@st66b}Выключения V-Sync{/}
UI_20150714_001653	{@st66b} %s Серебра снимается за хранение и при получении предметов .{/}
UI_20150714_001654	%s лайкни меня
UI_20150714_001655	{@st41}Быть зрителем
UI_20150714_001656	{@st66b}Выход из режима зрителя
UI_20150714_001657	{memo X}Найдена игра. Хотите присоединиться?
UI_20150714_001658	{memo X}{@st41}Войти
UI_20150714_001659	{@st41}Отклонить
UI_20150714_001660	Игра завершена
UI_20150714_001661	Смерть
UI_20150714_001662	Повреждения
UI_20150714_001663	{@st41}Вернуться в местность
UI_20150714_001664	{@st41b}Вернуться в местность за %s секунд...{/}
UI_20150714_001665	{@st59}Открыть окно сообщений{/}
UI_20150714_001666	{@st42}Декорации дома{/}
UI_20150714_001667	{@st42}Настройки дома{/}
UI_20150714_001668	{@st65}%s очков{/}
UI_20150714_001669	{@st65}×%s{/}
UI_20150714_001670	{@st65}% очков{/}
UI_20150714_001671	{@st65}%s шт{/}
UI_20150714_001672	Описание изображения
UI_20150714_001673	{#000000}%s секунд
UI_20150714_001674	{#000000}%s экиперован
UI_20150714_001675	Название группы : {#2c140c}%s{/}
UI_20150714_001676	Описание : {#2c140c}%s{/}
UI_20150714_001677	Средний уровень : {#2c140c}%s{/}
UI_20150714_001678	Искать для : {#2c140c}%s{/}
UI_20150714_001679	Поделиться заданием : {#2c140c}%s{/}
UI_20150714_001680	Правило распределения EXP: {#2c140c}%s{/}
UI_20150714_001681	Правило распределения предметов : {#2c140c}%s{/}
UI_20150714_001682	Вы хорошо провели время в команде?
UI_20150714_001683	{@st42} получено %s с помощью %s
UI_20150714_001684	{@st42} усиление %s с помощью %s
UI_20150714_001685	Заметка :%s
UI_20150714_001686	{@st59}Добавить материал в слот.{/}
UI_20150714_001687	{@st66b}Цена : %s{/}
UI_20150714_001688	Приветствие персонажа
UI_20150714_001689	Покупки в магазине
UI_20150714_001690	×%s
UI_20150714_001691	{@41b}Условие
UI_20150714_001692	{memo X}{@st41}Удалить
UI_20150714_001693	{@st41}Обновить
UI_20150717_001694	{memo X}Лайкнуть этого игрока {#ffff00}%s{/}
UI_20150717_001695	{@st41b}{s56}Эта игра является{#0066FF}
UI_20150717_001696	Rated T.
UI_20150717_001697	{s40} {nl}Долгое время провождение в игре может отрицательно сказаться на вашем здоровье.{/}e
UI_20150717_001698	{@st66b}Ввод
UI_20150717_001699	{@st42}Информация о призванном существе
UI_20150717_001700	{@st42}Ваши движения замедляются, когда у вас недостаточно выносливости.{@st59}STA{/}
UI_20150717_001701	{@st59}Упорядочить инвентарь.{/}
UI_20150717_001702	{memo X}Упорядочить
UI_20150717_001703	{@st59}Закрыть информацию об управлении геймпадом.{/}
UI_20150717_001704	{@st59}Закрыть информацию об управлении клавиатурой.{/}
UI_20150717_001705	Обучение мышкой
UI_20150717_001706	{@st59}Закрыть информацию об управлении мышью.{/}
UI_20150717_001707	Attack : %s
UI_20150717_001708	Defense  : %s
UI_20150717_001709	STR : %s
UI_20150717_001710	CON : %s
UI_20150717_001711	INT : %s
UI_20150717_001712	DEX : %s
UI_20150717_001713	SPR : %s
UI_20150717_001714	{memo X}{@st42b}Мечники могут ускоряться, если дважды нажать клавишу направления.{/}
UI_20150717_001715	{@st42}Название и описание группы{/}
UI_20150717_001716	{@st42}Вставить тег приветствия группы
UI_20150717_001717	{@st41b}Список общих групп{/}
UI_20150717_001718	{memo X}{@st41b}Список рекомендованных игроков{/}
UI_20150717_001719	{@st41b}Получить {nl}рекомендацию
UI_20150717_001720	Это может использовать только лидер команды.
UI_20150717_001721	Необходимо использовать функцию Рекомендованные Учасники Команды.
UI_20150717_001722	{@st66b}Название классового задания{/}
UI_20150717_001723	{@st59b}Магазин{nl}{@st59s} - Нажмите Shift + Правая клавиша мыши и введите колличество для покупки/продажи некольких предметов.{nl} - Нажмите дважды Правую клавишу мыши на предметах которые хотите продать без указания колличества.{/}
UI_20150717_001724	{@st59}Информация о мышке{/}
UI_20150717_001725	{@st66b}Сортировать
UI_20150717_001726	{@st59}Сортировать предметы.{/}
UI_20150717_001727	{@st59}Экипировать оружие{nl}Alt+Z сменить оружие{/}
UI_20150717_001728	Смотреть как наблюдатель
UI_20150717_001729	{@st41}Поле битвы
UI_20150717_001730	Результат
UI_20150717_001731	{@st41}Немедленно переместиться
UI_20150717_001732	{@St41b}Фамилия семьи представляет ваших персонажей.{nl} Это название используется в игровом процессе.{nl} Она может быть изменена в дальнейшем.{/}
UI_20150729_001733	{@st42}Показать только доступные к изучению{/}
UI_20150729_001734	Leg Count
UI_20150729_001735	Высота
UI_20150729_001736	Вес
UI_20150729_001737	{@st43}Обжиг самоцвета{/}
UI_20150729_001738	{@st59b}Создание предмета{nl}{@st59s} - Вы можете создавать предметы, используя соответвующий рецепт{nl} - Откройте рецепт и положите материалы в соответствующие слоты, затем нажмите на иконку Создать Предмет{nl} - Вы можете задавать имя созданным Вами предметам и добавлять к ним описание{/}
UI_20150729_001739	{@st59}Закрыть Создание Стрел.{/}
UI_20150729_001740	{memo X}Нужные фрагменты : Мутанты %s / Животные %s / Растения %s
UI_20150729_001741	{@st42b}Мечники могут совершать рывок при {nl}двойном нажатии клавиши направле-ния.{/}
UI_20150729_001742	{@st41}Настройки группы
UI_20150729_001743	{@st41}Настройки подбора группы
UI_20150729_001744	{@st42}Функция поиска участников в группу{/}
UI_20150729_001745	Когда появится игрок соответствующий вашим критериям, появится сообщение[Группа подобрана!]
UI_20150729_001746	{@st41b}Список общих игроков{/}
UI_20150729_001747	{@st41}Информация об Атрибутах
UI_20150729_001748	{@st59}Отменить усиление{/}
UI_20150729_001749	{@st59b}Улучшение самоцвета/карты{nl}{@st59s} - Выберите самоцвет или карту для улучшения из инвентаря.{nl} - Все предметы, кроме предметов заданий могут использоваться в качестве материалов.{nl} - Наиболее эффективным материалом при использовании является самоцвет.{nl} - Карта может быть усилена только с помощью другой карты.{/}
UI_20150729_001750	{memo X}{#000000}{s22}Ожидайте, для входа на сервер...
UI_20150729_001751	{memo X}{#000000}{s22}Сервер переполнен. Идет организация очереди для входа.
UI_20150729_001752	{memo X}{#000000}{s22}Текущий Ранг: %s
UI_20150729_001753	{@st43}Боевая команда лиги
UI_20150729_001754	{@st59}Закрыть Боевую команду лиги
UI_20150729_001755	{@st42}Расписание Боевой команды лиги
UI_20150729_001756	{@st43}Ранги Боевой команды лиги
UI_20150729_001757	{@st59}Закрыть Ранги Боевой команды лиги
UI_20150729_001758	Название Команды
UI_20150729_001759	{@st41b}Название Умения
UI_20150729_001760	{@st59}Принять групповую мисию{/}
UI_20150729_001761	{@st59}Удалить этот Билет{/}
UI_20150729_001762	Очки
UI_20150729_001763	Присоединиться к команде боевой лиги
UI_20150730_001764	{memo X}{@st56}Мой ранг
UI_20150730_001765	{memo X}{@st56}Ранг убийств
UI_20150730_001766	{memo X}{@st56}Ранг урона
UI_20150803_001767	Общий: /s чат{nl}Крик: /y чат {nl}Группа: /p чат{nl} Шепот: /w Имя чат
UI_20150803_001768	{@st66b}Вибрация геймпада{/}
UI_20150803_001769	Найден матч. Пожалуйста, подождите пока вы сможете присоединиться к игре.
UI_20150804_001770	{memo had to be shortened to fit the UI}{@st43}{s18}Pick the character to receive the item(s).{/}
UI_20150804_001771	Максимум гнезд %s ед
UI_20150807_001772	{@st41b}Details {img red_down_arrow 16 16}
UI_20150807_001773	{memo X}
UI_20150807_001774	{memo X}
UI_20150918_001775	Camp Duration
UI_20150918_001776	Effect
UI_20150918_001777	Camp duration is increased when it is renewed{nl} Requires %s silver.
UI_20150918_001778	Personal Warehouse
UI_20150918_001779	{@st41b}Тип : {@sti7}%s{/}
UI_20150918_001780	{@st41b}Сложность : {@sti7}%s{/}
UI_20150918_001781	{#ffff00}{ol}%s{/}{/} players like this character
UI_20150918_001782	{@st43}Instanced Dungeons
UI_20150918_001783	{@st41}Check Location
UI_20150918_001784	{#000000}Dungeon Name{/}
UI_20150918_001785	{#000000}Entry Level{/}
UI_20150918_001786	{#000000}Entry Count{/}
UI_20150918_001787	{#000000}The number of entries will reset at %s.{/}
UI_20150918_001788	{img silver 20 20} Price
UI_20150918_001789	Ближайшие группы
UI_20150918_001790	Required Fragments : %s 
UI_20150918_001791	{@st66b}Empty
UI_20150918_001792	{@st42}Показать ближайшие группы{/}
UI_20150918_001793	Friendship with {@sti9}%s{@st66b} : {@st66b}Level{/} {@sti9}%s {@st66b}
UI_20150918_001794	Friendship
UI_20150918_001795	{@st41b}Obtained material for crafting an item!
UI_20150918_001796	{@st66b}{s20}You have become {/}{s20}{#cc6600}{ol}Incapable of Combat {/}{@st66b}{s20}!{/}
UI_20150918_001797	{@st66b}Restart from the nearest Revival Point{/}
UI_20150918_001798	{@st66b}Restart here (requires %s iCoins){/}
UI_20150918_001799	{@st66b}Return to the field{/}
UI_20150918_001800	{@st66b}Abandon the quest and try again{/}
UI_20150918_001801	{@st66b}Try Again{/}
UI_20150918_001802	{@st66b}Проданные вещи{/}
UI_20150918_001803	{@st53}Ranking Points : %s
UI_20150918_001804	Total Untradable: %s
UI_20150918_001805	{@st42b}Check Dialogue{/}
UI_20150918_001806	{@st66b}Give food to outside party{/}
UI_20150918_001807	{@st41b}Change Signboard Title
UI_20150918_001808	{@sti9}My Rank
UI_20150918_001809	{@sti9}Kill Rank
UI_20150918_001810	{@sti9}Damage Rank
UI_20151001_001811	{@st43}Key Settings{/}
UI_20151001_001812	{@st45tw2}Category
UI_20151001_001813	Action
UI_20151001_001814	Restore defaults
UI_20151016_001815	{@st59}Выбранный предмет будет заблокирован.{/}
UI_20151016_001816	{@st59}You can change the theme of your lodge and preview it.
UI_20151016_001817	%s Персон
UI_20151016_001818	{@st42b}Просмотр
UI_20151016_001819	{@st42b}Return
UI_20151016_001820	{@st42b}Купить
UI_20151016_001821	{@st42b}Подтвердить
UI_20151016_001822	Guild Name and Description
UI_20151016_001823	Team Name
UI_20151016_001824	Title
UI_20151016_001825	Notice
UI_20151022_001826	{@st41}Server Queue
UI_20151022_001827	{#000000}{s18}The server is currently full. Queueing for entry.
UI_20151022_001828	{@st66b18}Current Position : %s
UI_20151022_001829	{@st66b}Показать эффекты других игроков
UI_20151023_001830	{@st41b}iCoin{/}
UI_20151023_001831	{@st41}iCoin
UI_20151023_001832	iCoin